split,trade_date,k,keep_multiplier,keep_rank,daily_count,gross_return,net_return,benchmark_return,executable_universe_return,excess_vs_benchmark,excess_vs_executable_universe,transaction_cost,cost_bps,slippage_bps,portfolio_nav,participation_cap,desired_turnover,filled_turnover,filled_buy_notional_weight,filled_sell_notional_weight,buy_reject_count,sell_reject_count,partial_fill_count,position_count,cash_weight_before_normalize
test,20250205,20,2.0,40,85,0.05964532367667055,0.059520234733418054,0.062453273221866556,0.06362453581957331,-0.002933038488448503,-0.004104301086155254,0.0001250889432525,10.0,5.0,10000000.0,0.03,1.0000000000000002,0.08339262883500001,0.08339262883500001,0.0,0,0,20,20,1.1102230246251565e-16
test,20250212,20,2.0,40,86,0.01381313638565017,0.0136546742607292,0.016070513944185683,0.009214541812112396,-0.002415839683456482,0.004440132448616805,0.00015846212492096916,10.0,5.0,10000000.0,0.03,1.65372379790742,0.10564141661397944,0.03267397384797944,0.072967442766,0,0,31,32,7.771561172376096e-16
test,20250219,20,2.0,40,87,0.009101107311740743,0.008967910539141513,0.018515326189644687,0.03465011447356169,-0.009547415650503174,-0.02568220393442018,0.00013319677259923055,10.0,5.0,10000000.0,0.03,1.7765879626019885,0.08879784839948704,0.03620098102499999,0.05259686737448705,0,2,32,34,1.1102230246251565e-16
test,20250226,20,2.0,40,87,-0.03464377975415138,-0.034820447307592685,-0.03432345975607076,-0.028359081240983762,-0.0004969875515219227,-0.006461366066608923,0.00017666755344130793,10.0,5.0,10000000.0,0.03,1.635630870615278,0.11777836896087195,0.04637567930487194,0.071402689656,0,1,34,36,1.1102230246251565e-16
test,20250305,20,2.0,40,87,-0.0016216154029694318,-0.0018822304468724318,0.0004133562555677095,0.0023306236171185915,-0.0022955867024401413,-0.004212854063991023,0.000260615043903,10.0,5.0,10000000.0,0.03,1.698711922579812,0.173743362602,0.08159293063399999,0.09215043196799999,0,1,37,39,0.0
test,20250312,20,2.0,40,87,0.012782514828151818,0.012637212291992387,0.014183067902517443,0.001487857018171965,-0.0015458556105250564,0.011149355273820423,0.00014530253615943032,10.0,5.0,10000000.0,0.03,1.556104587232274,0.0968683574396202,0.034331187677999996,0.0625371697616202,0,1,39,41,0.0
test,20250319,20,2.0,40,84,-0.04408496305053516,-0.04420001526400778,-0.03709821694337789,-0.03754313325652977,-0.00710179832062989,-0.006656882007478014,0.00011505221347262903,10.0,5.0,10000000.0,0.03,1.305107139738079,0.07670147564841935,0.028189503911999998,0.048511971736419385,0,2,37,40,0.0
test,20250326,20,2.0,40,87,-0.02894768884479527,-0.02907226180177538,-0.01648515053215538,-0.00425611654650524,-0.012587111269620001,-0.02481614525527014,0.0001245729569801099,10.0,5.0,10000000.0,0.03,1.2879661759757572,0.08304863798673992,0.022658555241000005,0.06039008274573991,0,2,39,41,0.0
test,20250402,20,2.0,40,89,-0.08213870946471119,-0.08228347016116484,-0.09697566074716402,-0.07103444985674835,0.014692190585999174,-0.01124902030441649,0.00014476069645364637,10.0,5.0,10000000.0,0.03,1.193946638509341,0.09650713096909758,0.027490692528000002,0.06901643844109756,0,1,40,42,3.3306690738754696e-16
test,20250410,20,2.0,40,89,0.011211890639330008,0.011045282698413372,0.004340268460189645,0.0037113439133545385,0.006705014238223728,0.007333938785058834,0.00016660794091663525,10.0,5.0,10000000.0,0.03,1.2319425274237834,0.11107196061109018,0.030216483441000003,0.08085547717009017,0,0,37,38,4.440892098500626e-16
test,20250417,20,2.0,40,90,0.00977177775889013,0.009691019149871501,0.014187780192588262,0.005998871151769051,-0.004496761042716761,0.0036921479981024503,8.07586090186283e-05,10.0,5.0,10000000.0,0.03,0.9652143446411169,0.053839072679085526,0.019199955255000005,0.03463911742408554,0,0,33,34,1.1102230246251565e-16
test,20250424,20,2.0,40,91,0.03026466294985241,0.030166736616669843,0.026113231359929046,0.02970058326162263,0.004053505256740798,0.00046615335504721425,9.792633318256693e-05,10.0,5.0,10000000.0,0.03,1.0706917301584218,0.06528422212171128,0.022037766795,0.04324645532671127,0,1,34,37,2.220446049250313e-16
test,20250506,20,2.0,40,90,-0.0047759293491226274,-0.004937874220638159,0.038185334622896416,-0.005389029458601336,-0.04312320884353457,0.0004511552379631769,0.000161944871515531,10.0,5.0,10000000.0,0.03,1.457066656658298,0.10796324767702066,0.031819419411,0.07614382826602063,0,2,36,39,1.1102230246251565e-16
test,20250513,20,2.0,40,90,-0.0171000976495711,-0.017249073794012675,-0.006692751630019256,-0.010108625396320636,-0.01055632216399342,-0.00714044839769204,0.00014897614444157566,10.0,5.0,10000000.0,0.03,1.671258877097984,0.0993174296277171,0.022785563568,0.07653186605971708,0,2,40,42,0.0
test,20250520,20,2.0,40,90,0.018496375881055148,0.018354597804329374,-0.027735780076991623,-0.024324917101007603,0.046090377881321,0.042679514905336974,0.00014177807672577367,10.0,5.0,10000000.0,0.03,1.4753894115859185,0.09451871781718243,0.015685677749999998,0.07883304006718242,0,2,38,41,3.3306690738754696e-16
test,20250527,20,2.0,40,83,-0.013088667681152286,-0.013161608386122467,0.01671504297130344,0.021072566723679947,-0.029876651357425905,-0.034234175109802416,7.294070497018194e-05,10.0,5.0,10000000.0,0.03,1.417805798206645,0.04862713664678796,0.012298357277999999,0.03632877936878796,0,4,35,39,0.0
test,20250604,20,2.0,40,83,0.011051085894839642,0.010963683735536862,0.018239561941169935,0.013697588635020505,-0.007275878205633073,-0.0027339048994836426,8.740215930277925e-05,10.0,5.0,10000000.0,0.03,1.4407351372626684,0.05826810620185283,0.02709443547191799,0.031173670729934846,0,4,34,39,0.0
test,20250611,20,2.0,40,84,-0.006869153442620188,-0.006941275296317832,-0.0034622983029850563,-0.003516161227315668,-0.0034789769933327754,-0.0034251140690021637,7.212185369764315e-05,10.0,5.0,10000000.0,0.03,1.3032584170796657,0.04808123579842876,0.020509607556,0.027571628242428745,0,5,33,39,2.220446049250313e-16
test,20250618,20,2.0,40,84,0.05945727580408399,0.05938551411043473,0.035850768807131006,0.027225105677299338,0.023534745303303725,0.03216040843313539,7.176169364925814e-05,10.0,5.0,10000000.0,0.03,1.2085285791189802,0.04784112909950543,0.022889022735914005,0.024952106363591423,0,5,31,39,7.771561172376096e-16
test,20250625,20,2.0,40,83,-0.018252040498598864,-0.018400070753954077,-0.002195694947575877,0.0008892431010594066,-0.0162043758063782,-0.019289313855013483,0.0001480302553552129,10.0,5.0,10000000.0,0.03,1.344451864407616,0.09868683690347527,0.051987563891999995,0.046699273011475265,0,5,31,39,0.0
test,20250702,20,2.0,40,88,0.01648346309889708,0.016339015957616,0.02870229200295782,0.011084286334842873,-0.01236327604534182,0.005254729622773126,0.00014444714128107828,10.0,5.0,10000000.0,0.03,1.3901099439631255,0.09629809418738551,0.0488722896837277,0.0474258045036578,0,4,35,40,0.0
test,20250709,20,2.0,40,87,0.005671938107715752,0.005549119393828019,0.020835918577344126,0.02080141984057107,-0.015286799183516107,-0.01525230044674305,0.00012281871388773277,10.0,5.0,10000000.0,0.03,1.2845762099784497,0.08187914259182184,0.02726339449714156,0.05461574809468028,0,4,34,39,0.0
test,20250716,20,2.0,40,87,0.02403624529430819,0.023914366004229633,0.03608510864210834,0.021877043250225988,-0.01217074263787871,0.0020373227540036454,0.00012187929007855528,10.0,5.0,10000000.0,0.03,1.3078158041373296,0.08125286005237019,0.029542013157000002,0.051710846895370206,0,4,33,38,0.0
test,20250723,20,2.0,40,87,0.019625058753520132,0.01946664226084527,0.02467356884645211,0.030585951783270175,-0.005206926585606841,-0.011119309522424906,0.00015841649267486362,10.0,5.0,10000000.0,0.03,1.3584851199791443,0.10561099511657575,0.03756690731558057,0.06804408780099518,0,2,33,36,0.0
test,20250730,20,2.0,40,87,0.007614065618931588,0.007478492991258588,-0.0036866413944264265,0.012433230679715973,0.011165134385685015,-0.004954737688457385,0.000135572627673,10.0,5.0,10000000.0,0.03,1.304790553100483,0.090381751782,0.032967923679,0.057413828103000004,0,3,34,37,2.220446049250313e-16
test,20250806,20,2.0,40,89,0.036099779178845506,0.0359707583597567,0.05830947071599146,0.03364676921847687,-0.02233871235623476,0.0023239891412798336,0.00012902081908880317,10.0,5.0,10000000.0,0.03,1.216985436068855,0.08601387939253545,0.037262610099,0.04875126929353543,0,2,34,36,0.0
test,20250813,20,2.0,40,88,0.05821164336795582,0.05805421948736961,0.044521977752810526,0.03998830179165968,0.01353224173455908,0.018065917695709928,0.0001574238805862147,10.0,5.0,10000000.0,0.03,1.1360031209157027,0.10494925372414313,0.0437107280108827,0.06123852571326043,0,1,31,34,0.0
test,20250820,20,2.0,40,89,0.04821945205281205,0.048059771640890744,0.044309991504238866,0.03427970130595367,0.0037497801366518785,0.013780070334937077,0.0001596804119213078,10.0,5.0,10000000.0,0.03,1.0055963664370087,0.10645360794753853,0.04209089656056858,0.06436271138696989,0,2,29,34,0.0
test,20250827,20,2.0,40,89,0.032336818753097345,0.0320870685134344,0.06469388845506496,0.016741567737910634,-0.03260681994163056,0.015345500775523768,0.0002497502396629448,10.0,5.0,10000000.0,0.03,1.0059569755947624,0.16650015977529653,0.066159520275,0.10034063950029652,0,2,30,34,3.3306690738754696e-16
test,20250903,20,2.0,40,89,0.009167647548972337,0.008838190435273832,0.001688606584155039,0.0026897215445736366,0.007149583851118793,0.006148468890700195,0.0003294571136985049,10.0,5.0,10000000.0,0.03,1.1591394894735154,0.21963807579900327,0.04830111762486771,0.17133695817413558,0,2,33,36,0.0
test,20250910,20,2.0,40,89,0.044456773131735336,0.04419677687967921,0.08369635357775262,0.05379602197998721,-0.03949957669807341,-0.009599245100307997,0.0002599962520561254,10.0,5.0,10000000.0,0.03,1.3680518362858107,0.1733308347040836,0.052335421805999996,0.12099541289808363,0,3,35,38,0.0
test,20250917,20,2.0,40,91,0.05251081520870941,0.052286963209957724,0.012145314587969969,0.025166394971510596,0.040141648621987755,0.027120568238447128,0.00022385199875168924,10.0,5.0,10000000.0,0.03,1.269888999878989,0.1492346658344595,0.055317543458999995,0.09391712237545949,0,4,32,38,1.1102230246251565e-16
test,20250924,20,2.0,40,90,0.041202782251076445,0.04096371315800125,0.02393640022264143,0.029948681600268028,0.01702731293535982,0.011015031557733222,0.00023906909307519554,10.0,5.0,10000000.0,0.03,1.1572316761564818,0.15937939538346368,0.0583127730104516,0.10106662237301207,0,5,30,38,2.220446049250313e-16
test,20251009,20,2.0,40,92,-0.05113522619628657,-0.05148821573323493,-0.06878968257617979,-0.04905534180170172,0.01730146684294486,-0.002432873931533207,0.0003529895369483617,10.0,5.0,10000000.0,0.03,1.2564466254438005,0.23532635796557447,0.12501059616900706,0.11031576179656734,0,4,34,41,0.0
test,20251016,20,2.0,40,93,-0.0005270926120641954,-0.0008108150837179545,0.008138524968852812,-0.020673480790871866,-0.008949340052570766,0.01986266570715391,0.0002837224716537592,10.0,5.0,10000000.0,0.03,1.2370685011644078,0.18914831443583946,0.11136287898256902,0.07778543545327041,0,4,37,44,1.1102230246251565e-16
test,20251023,20,2.0,40,92,0.039677047295625295,0.039473434004526145,0.0655940347517796,0.03992744877895663,-0.02612060074725346,-0.0004540147744304876,0.0002036132910991521,10.0,5.0,10000000.0,0.03,1.0392424868660333,0.1357421940661014,0.0824405796716493,0.05330161439445214,0,4,33,42,1.1102230246251565e-16
test,20251030,20,2.0,40,93,-0.015823246851322522,-0.01610328344294274,-0.011767740961124984,-0.008789944065773376,-0.004335542481817757,-0.0073133393771693655,0.0002800365916202188,10.0,5.0,10000000.0,0.03,1.2216448129745334,0.18669106108014585,0.09871503487787717,0.08797602620226871,0,3,33,42,0.0
test,20251106,20,2.0,40,92,-0.008858986661097827,-0.009097372891260693,-0.007092362216020276,0.009987644392177428,-0.002005010675240417,-0.019085017283438123,0.0002383862301628667,10.0,5.0,10000000.0,0.03,1.1405911120871126,0.15892415344191113,0.07194583667691114,0.08697831676500001,0,4,36,45,1.1102230246251565e-16
test,20251113,20,2.0,40,91,-0.023590676519671235,-0.023881651660364243,-0.049789277975669344,-0.03572586861072428,0.0259076263153051,0.011844216950360035,0.0002909751406930078,10.0,5.0,10000000.0,0.03,1.3079495337455713,0.19398342712867186,0.095669476086,0.0983139510426719,0,5,38,45,0.0
test,20251120,20,2.0,40,91,0.008996949566180145,0.008770962371304546,-0.00363042849311479,0.004657519721505915,0.012401390864419336,0.004113442649798632,0.00022598719487559822,10.0,5.0,10000000.0,0.03,0.9290535726305937,0.15065812991706548,0.06179025872716934,0.08886787118989614,0,4,32,42,2.220446049250313e-16
test,20251127,20,2.0,40,84,-0.00299834257977056,-0.00312347280011648,0.011938327624663181,-0.0004499990922431204,-0.015061800424779661,-0.0026734737078733598,0.00012513022034592026,10.0,5.0,10000000.0,0.03,0.9861928892593793,0.08342014689728017,0.045404331735000004,0.038015815162280184,0,8,31,44,0.0
test,20251204,20,2.0,40,83,0.02220081205109402,0.0220669950658364,0.031358075128797624,0.019353648756064858,-0.009291080062961223,0.0027133463097715436,0.00013381698525762126,10.0,5.0,10000000.0,0.03,0.9324972062075325,0.08921132350508083,0.06110409123566105,0.028107232269419767,0,8,30,45,1.1102230246251565e-16
test,20251211,20,2.0,40,83,-0.00035016008020919163,-0.0006864922494812267,-0.017893749249685675,-0.0026636605498541214,0.017207257000204448,0.0019771683003728946,0.0003363321692720351,10.0,5.0,10000000.0,0.03,0.9076977850473132,0.22422144618135673,0.07340237908471826,0.15081906709663842,0,7,30,41,0.0
test,20251218,20,2.0,40,83,0.020823129717077594,0.020602695437639255,0.042573430883928065,0.04252422603170509,-0.02197073544628881,-0.021921530594065833,0.00022043427943833918,10.0,5.0,10000000.0,0.03,0.9534531683030448,0.14695618629222612,0.06395890698,0.08299727931222614,0,7,31,39,2.220446049250313e-16
test,20251225,20,2.0,40,84,0.040423132270376354,0.040146371235165866,0.01704305471819456,0.03724878924068346,0.023103316516971305,0.0028975819944824094,0.00027676103521048615,10.0,5.0,10000000.0,0.03,0.8256232867303047,0.18450735680699076,0.08949406811092919,0.09501328869606157,0,7,31,40,1.1102230246251565e-16
test,20260105,20,2.0,40,84,0.10530755694318227,0.10502777279101949,0.028468034478625448,0.08964050056999975,0.07655973831239404,0.015387272221019738,0.0002797841521627707,10.0,5.0,10000000.0,0.03,0.8130465438934574,0.18652276810851381,0.06227920906815176,0.12424355904036208,0,6,26,37,1.1102230246251565e-16
test,20260112,20,2.0,40,81,0.005966014382041666,0.005685934085077391,-0.014972697403186297,-0.009289723824202525,0.020658631488263687,0.014975657909279915,0.00028008029696427575,10.0,5.0,10000000.0,0.03,0.9876593427869095,0.18672019797618383,0.061098691375921416,0.12562150660026244,0,9,24,39,2.220446049250313e-16
test,20260119,20,2.0,40,84,-0.006908716499132021,-0.007310014632569004,-0.005530667306326231,0.01345814437140563,-0.001779347326242773,-0.020768159003974634,0.00040129813343698343,10.0,5.0,10000000.0,0.03,0.9714445845838524,0.26753208895798897,0.15504366547833626,0.11248842347965271,0,8,29,41,1.1102230246251565e-16
test,20260126,20,2.0,40,84,-0.0171417186952272,-0.01741856301572928,-0.016581961719162375,-0.04452759137086381,-0.0008366012965669058,0.02710902835513453,0.0002768443205020826,10.0,5.0,10000000.0,0.03,0.7129597647049892,0.18456288033472174,0.09357133510972171,0.090991545225,0,9,24,41,0.0
test,20260202,20,2.0,40,84,0.01573659412555789,0.01556172830558057,0.021034395614438095,0.017773068880072122,-0.005472667308857525,-0.0022113405744915524,0.00017486581997731946,10.0,5.0,10000000.0,0.03,0.725390167067824,0.11657721331821297,0.05534670878575657,0.06123050453245638,0,8,21,38,3.3306690738754696e-16
test,20260209,20,2.0,40,85,-0.0020474676588659287,-0.0022368993410050897,-0.007352653701373613,0.0005974618077480767,0.005115754360368523,-0.0028343611487531666,0.0001894316821391612,10.0,5.0,10000000.0,0.03,0.8715363593536364,0.12628778809277413,0.04499465097194632,0.08129313712082782,0,8,23,39,4.440892098500626e-16
test,20260224,20,2.0,40,84,-0.02543772372734618,-0.025700606103689926,-0.029859429632113965,-0.040614505711846875,0.00415882352842404,0.01491389960815695,0.0002628823763437459,10.0,5.0,10000000.0,0.03,1.1647209740605289,0.17525491756249728,0.08712282661704715,0.08813209094545016,0,8,30,42,7.771561172376096e-16
test,20260303,20,2.0,40,86,0.03204457498744554,0.03174299693151695,0.030116854686109917,0.037694006467516,0.001626142245407032,-0.005951009535999051,0.00030157805592859356,10.0,5.0,10000000.0,0.03,1.237414687343539,0.20105203728572904,0.084980090742,0.11607194654372906,0,8,33,45,0.0
test,20260310,20,2.0,40,86,-0.025534564386695546,-0.025943286602009143,-0.007889106013433067,-0.027876975400637046,-0.018054180588576076,0.0019336887986279028,0.000408722215313596,10.0,5.0,10000000.0,0.03,1.2907044501456548,0.27248147687573065,0.10045721274899999,0.17202426412673053,0,8,37,46,0.0
test,20260317,20,2.0,40,85,-0.05192583021032305,-0.05213713149453823,-0.008693014628487261,-0.047454351125122446,-0.04344411686605097,-0.004682780369415787,0.00021130128421518137,10.0,5.0,10000000.0,0.03,1.2127553327079146,0.1408675228101209,0.08123681222550877,0.05963071058461213,0,9,32,44,0.0
test,20260324,20,2.0,40,86,-0.01996015625163098,-0.020226207235740926,-0.02048038512641981,-0.01835461695691502,0.0002541778906788826,-0.0018715902788259062,0.000266050984109948,10.0,5.0,10000000.0,0.03,1.0368736802339569,0.1773673227399653,0.07696013062478824,0.10040719211517708,0,7,31,41,0.0
test,20260331,20,2.0,40,92,0.022312354823947746,0.022044230732185182,0.05107065336361072,0.02971597460054267,-0.029026422631425536,-0.007671743868357488,0.0002681240917625633,10.0,5.0,10000000.0,0.03,1.2956080039193043,0.17874939450837554,0.10935277965299998,0.06939661485537553,0,8,38,47,0.0
test,20260408,20,2.0,40,91,0.01616861861239536,0.015934589685113222,0.04999100851054927,0.03406534251269841,-0.03405641882543605,-0.018130752827585188,0.0002340289272821368,10.0,5.0,10000000.0,0.03,1.2455807617066763,0.15601928485475786,0.10085471562982513,0.05516456922493279,0,8,36,47,0.0
test,20260415,20,2.0,40,93,0.03662764317313837,0.036369996556331316,0.06765330841280615,0.035169942041219135,-0.03128331185647483,0.001200054515112181,0.0002576466168070596,10.0,5.0,10000000.0,0.03,1.0053417769551996,0.1717644112047064,0.0894653216184227,0.08229908958628367,0,8,34,44,2.220446049250313e-16
test,20260422,20,2.0,40,93,-0.0013821818456264262,-0.0017707738709318616,-0.017478073665853078,-0.00809044037822613,0.015707299794921217,0.006319666507294269,0.0003885920253054353,10.0,5.0,10000000.0,0.03,0.8692105266599195,0.25906135020362353,0.09989357832329493,0.15916777188032866,0,8,32,42,2.220446049250313e-16
test,20260429,20,2.0,40,93,0.06617707153226123,0.06589973547508894,0.06558035691402297,0.07134649729076989,0.0003193785610659666,-0.005446761815680948,0.00027733605717228545,10.0,5.0,10000000.0,0.03,0.7872458745571685,0.1848907047815236,0.07202725468444697,0.1128634500970766,0,8,26,40,1.1102230246251565e-16
test,20260511,20,2.0,40,92,-0.037473266057987974,-0.03774541806615725,-0.0035883669270492247,-0.01725006076094816,-0.034157051139108024,-0.02049535730520909,0.0002721520081692737,10.0,5.0,10000000.0,0.03,0.9768399177640567,0.18143467211284914,0.04823413038784915,0.133200541725,0,9,32,43,0.0
test,20260518,20,2.0,40,93,-0.017130373225783046,-0.01740357397841616,0.027148987350887,0.016372130827251228,-0.04455256132930316,-0.033775704805667384,0.00027320075263311466,10.0,5.0,10000000.0,0.03,1.020026546544236,0.1821338350887431,0.062988042123,0.11914579296574308,0,8,31,39,0.0
validation,20230201,20,2.0,40,86,-0.01421818902341148,-0.014273681495089981,-0.03359714818415094,-0.01583247121198944,0.01932346668906096,0.0015587897168994596,5.54924716785e-05,10.0,5.0,10000000.0,0.03,1.0000000000000002,0.036994981119,0.036994981119,0.0,0,0,20,20,2.220446049250313e-16
validation,20230208,20,2.0,40,87,0.03605330613338925,0.03599529687096225,0.008440950757451882,0.024780679191812024,0.027554346113510368,0.011214617679150225,5.800926242700001e-05,10.0,5.0,10000000.0,0.03,1.1639343708269998,0.038672841618000005,0.011209674686999998,0.027463166931,0,0,27,27,1.1102230246251565e-16
validation,20230215,20,2.0,40,87,-0.04698785404593201,-0.047064803443877014,-0.037413551065967665,-0.030428207700548923,-0.009651252377909349,-0.01663659574332809,7.6949397945e-05,10.0,5.0,10000000.0,0.03,1.33416700454696,0.05129959863,0.019149911583,0.032149687047000004,0,0,30,30,0.0
validation,20230222,20,2.0,40,87,0.0009569497796133502,0.0008931410494953503,-0.0032432429786936057,-0.002064012740923871,0.004136384028188956,0.002957153790419221,6.3808730118e-05,10.0,5.0,10000000.0,0.03,1.403411890645007,0.042539153412,0.023021886569999997,0.019517266842000003,0,1,31,32,1.1102230246251565e-16
validation,20230301,20,2.0,40,86,-0.003132364274759365,-0.003225551850096865,-0.027153386720228267,-0.022514312504264264,0.023927834870131403,0.0192887606541674,9.31875753375e-05,10.0,5.0,10000000.0,0.03,1.1908658949090511,0.062125050225,0.031194133823999996,0.030930916400999996,0,2,33,35,0.0
validation,20230308,20,2.0,40,86,-0.006476796963494244,-0.00655351224566223,-0.016874565367653416,-0.014866672102781878,0.010321053121991185,0.008313159857119647,7.671528216798615e-05,10.0,5.0,10000000.0,0.03,1.3410234249028736,0.051143521445324094,0.029983476438,0.021160045007324102,0,2,34,36,1.1102230246251565e-16
validation,20230315,20,2.0,40,86,0.007762424240667325,0.007645255890338319,0.001907623370375644,0.01983683614866796,0.005737632519962675,-0.012191580258329641,0.00011716835032900616,10.0,5.0,10000000.0,0.03,1.4090193749265203,0.07811223355267077,0.046627765926670776,0.031484467626,0,2,39,42,2.220446049250313e-16
validation,20230322,20,2.0,40,85,0.026999495841307144,0.02687808497092257,0.012497424658587164,0.015391878874849125,0.014380660312335408,0.011486206096073447,0.00012141087038457253,10.0,5.0,10000000.0,0.03,1.3394107972895362,0.08094058025638168,0.039048236906381664,0.04189234335,0,1,41,43,3.3306690738754696e-16
validation,20230329,20,2.0,40,92,0.02362438184020629,0.02350739324287655,0.023354007195963478,0.031518587226732675,0.00015338604691307253,-0.008011193983856125,0.00011698859732973816,10.0,5.0,10000000.0,0.03,1.5683926195898752,0.07799239821982544,0.027292759208999998,0.05069963901082543,0,1,45,47,0.0
validation,20230406,20,2.0,40,92,0.00945374606049273,0.009299806463738416,-0.008574581879513654,-0.0028529866193688093,0.01787438834325207,0.012152793083107226,0.00015393959675431235,10.0,5.0,10000000.0,0.03,1.441588170403669,0.10262639783620824,0.022491695058000003,0.08013470277820824,0,1,39,40,1.1102230246251565e-16
validation,20230413,20,2.0,40,93,-0.038201577922252566,-0.03836296888683435,-0.007933707449266025,-0.016091304580566266,-0.030429261437568328,-0.022271664306268087,0.00016139096458178453,10.0,5.0,10000000.0,0.03,1.6143356419002848,0.10759397638785635,0.021742881420000002,0.08585109496785633,0,0,40,40,2.220446049250313e-16
validation,20230420,20,2.0,40,93,-0.07064705146283907,-0.07082104028025556,-0.03326943827558504,-0.06131730758710014,-0.03755160200467052,-0.009503732693155416,0.0001739888174164754,10.0,5.0,10000000.0,0.03,1.4435399259647859,0.11599254494431693,0.03515988372842861,0.08083266121588834,0,0,39,40,1.1102230246251565e-16
validation,20230427,20,2.0,40,92,-0.02293124157508884,-0.023065119330583354,-0.026632030070508295,-0.029170488777349558,0.0035669107399249403,0.006105369446766203,0.0001338777554945167,10.0,5.0,10000000.0,0.03,1.628982021663243,0.08925183699634448,0.030102461732999998,0.059149375263344475,0,1,44,45,0.0
validation,20230509,20,2.0,40,93,0.005807961622375225,0.0056919611686010825,0.021537135178889555,0.01173821844854707,-0.01584517401028847,-0.006046257279945987,0.00011600045377414225,10.0,5.0,10000000.0,0.03,1.432894233133768,0.07733363584942816,0.039409042167,0.037924593682428176,0,0,47,47,0.0
validation,20230516,20,2.0,40,93,-0.010566724405456696,-0.010636177382103653,-0.017810759422522637,-0.005152626780265362,0.007174582040418985,-0.00548355060183829,6.94529766469565e-05,10.0,5.0,10000000.0,0.03,0.9226377196686597,0.04630198443130433,0.013073202624243255,0.03322878180706108,0,0,41,44,0.0
validation,20230523,20,2.0,40,92,-0.014117346258314246,-0.014184865468264763,-0.01541158674186549,-0.011145856103972372,0.0012267212736007272,-0.003039009364292392,6.751920995051805e-05,10.0,5.0,10000000.0,0.03,1.1456760516938325,0.045012806633678695,0.018408714051000002,0.026604092582678696,0,0,41,44,4.440892098500626e-16
validation,20230530,20,2.0,40,83,0.003204381965166976,0.0030972127727696233,-0.02424615632033711,-0.019397429865587124,0.027343369093106733,0.022494642638356748,0.00010716919239735265,10.0,5.0,10000000.0,0.03,1.3654098569766626,0.07144612826490176,0.032616565515,0.038829562749901764,0,3,39,44,2.220446049250313e-16
validation,20230606,20,2.0,40,83,0.03509823664326959,0.03501089599610822,0.0009939437657966455,0.006631772544844696,0.03401695223031157,0.028379123451263522,8.73406471613738e-05,10.0,5.0,10000000.0,0.03,1.4725171695631438,0.05822709810758253,0.015395842896000001,0.04283125521158252,0,4,38,43,0.0
validation,20230613,20,2.0,40,83,0.013423162297496651,0.01334203127877044,0.04820420733669417,0.021323864995453655,-0.03486217605792373,-0.007981833716683215,8.113101872621087e-05,10.0,5.0,10000000.0,0.03,1.5611159211613859,0.05408734581747391,0.016830021006,0.03725732481147391,0,5,36,42,0.0
validation,20230620,20,2.0,40,83,-0.050559440305941665,-0.050644335307430566,-0.04022001224785032,-0.03743241327699802,-0.010424323059580243,-0.013211922030432546,8.489500148889739e-05,10.0,5.0,10000000.0,0.03,1.46179061581851,0.056596667659264924,0.016833216618,0.03976345104126492,0,5,36,43,6.661338147750939e-16
validation,20230629,20,2.0,40,82,0.0161103374856398,0.016030140381343632,0.005561400189214805,0.00493589147939382,0.010468740192128827,0.011094248901949811,8.019710429616784e-05,10.0,5.0,10000000.0,0.03,1.3824061817487938,0.053464736197445226,0.019825388418,0.033639347779445224,0,6,35,41,0.0
validation,20230706,20,2.0,40,86,0.02904598679128253,0.0289877032806829,0.020677207830883892,0.014824841514200361,0.008310495449799008,0.01416286176648254,5.828351059962772e-05,10.0,5.0,10000000.0,0.03,1.3563092084224544,0.03885567373308515,0.011068809603438255,0.027786864129646895,0,5,36,42,2.220446049250313e-16
validation,20230713,20,2.0,40,86,-0.029879507956108237,-0.029944387787787824,-0.036588626221500165,-0.036758942235937904,0.006644238433712341,0.00681455444815008,6.487983167958542e-05,10.0,5.0,10000000.0,0.03,1.3054729910485716,0.04325322111972361,0.017729656203,0.0255235649167236,0,5,36,41,0.0
validation,20230720,20,2.0,40,87,-0.026069503391323225,-0.02613967152356495,0.013197473761247025,0.0037529806648528767,-0.03933714528481198,-0.02989265218841783,7.016813224172702e-05,10.0,5.0,10000000.0,0.03,1.3831356643288444,0.046778754827818014,0.014769080544000002,0.03200967428381801,0,4,37,42,2.220446049250313e-16
validation,20230727,20,2.0,40,88,0.04337864482681726,0.04326483688459314,0.026503728200654164,0.017580235320049927,0.01676110868393898,0.025684601564543216,0.00011380794222412075,10.0,5.0,10000000.0,0.03,1.5290987833560123,0.07587196148274716,0.047651676983699175,0.028220284499047992,0,4,39,44,0.0
validation,20230803,20,2.0,40,88,-0.011788122468201647,-0.011913738386457384,-0.001193942934095249,-0.012495807569027455,-0.010719795452362135,0.0005820691825700712,0.00012561591825573584,10.0,5.0,10000000.0,0.03,1.3269879644717555,0.08374394550382389,0.03037686108532388,0.05336708441849999,0,4,36,42,1.1102230246251565e-16
validation,20230810,20,2.0,40,88,-0.053536619731879106,-0.05366278494402098,-0.041193648176060194,-0.04025399318949212,-0.012469136767960784,-0.01340879175452886,0.0001261652121418693,10.0,5.0,10000000.0,0.03,1.3512879668316482,0.08411014142791287,0.023690023524013136,0.06042011790389977,0,4,41,46,3.3306690738754696e-16
validation,20230817,20,2.0,40,88,-0.03055042664957853,-0.030637900636645107,-0.038418932818496176,-0.04499012003591324,0.007781032181851069,0.014352219399268132,8.747398706657941e-05,10.0,5.0,10000000.0,0.03,1.1587257092982526,0.0583159913777196,0.01814423591530576,0.040171755462413854,0,4,37,43,4.440892098500626e-16
validation,20230824,20,2.0,40,89,0.0481055368044156,0.04803263361867907,0.01840651439178642,0.029617847870162372,0.02962611922689265,0.0184147857485167,7.290318573653268e-05,10.0,5.0,10000000.0,0.03,1.0111645237717175,0.04860212382435512,0.02365201302,0.02495011080435511,0,4,36,41,0.0
validation,20230831,20,2.0,40,89,-0.024423628073891913,-0.024475985375765345,-0.021685314435870184,-0.01451050887192974,-0.0027906709398951603,-0.009965476503835604,5.235730187343195e-05,10.0,5.0,10000000.0,0.03,1.1627833274682107,0.0349048679156213,0.00722688696,0.027677980955621302,0,3,38,42,0.0
validation,20230907,20,2.0,40,86,-0.013762757448730555,-0.01382747113135975,-0.02192383980398449,-0.010270717533107992,0.00809636867262474,-0.003556753598251758,6.471368262919491e-05,10.0,5.0,10000000.0,0.03,1.2943113868150986,0.04314245508612994,0.013751084085,0.029391371001129943,0,5,39,46,0.0
validation,20230914,20,2.0,40,89,-0.026656224934154298,-0.02673372451349675,-0.022007193161471483,-0.020104803606898883,-0.004726531352025266,-0.006628920906597866,7.749957934245001e-05,10.0,5.0,10000000.0,0.03,1.3648977027672677,0.051666386228300006,0.015867039402,0.03579934682630001,0,5,39,46,3.3306690738754696e-16
validation,20230921,20,2.0,40,91,0.04054418928280602,0.040451697876674034,0.01844921079776496,0.03281350401540425,0.022002487078909075,0.007638193861269786,9.249140613198837e-05,10.0,5.0,10000000.0,0.03,1.3484428309848,0.06166093742132558,0.035051302089,0.026609635332325573,0,4,40,45,3.3306690738754696e-16
validation,20230928,20,2.0,40,88,0.014826868014647557,0.01470546800108842,-0.0036462252758110436,0.01526321582733256,0.018351693276899464,-0.0005577478262441399,0.00012140001355913784,10.0,5.0,10000000.0,0.03,1.3626934947156946,0.08093334237275857,0.03931744032639065,0.04161590204636794,0,5,37,44,0.0
validation,20231013,20,2.0,40,91,-0.0589539327044669,-0.05904514328625166,-0.04991271917933737,-0.051121420529329824,-0.00913242410691429,-0.007923722756921839,9.121058178475874e-05,10.0,5.0,10000000.0,0.03,1.25468371354461,0.0608070545231725,0.03151083287758583,0.029296221645586665,0,3,36,42,1.1102230246251565e-16
validation,20231020,20,2.0,40,90,0.021337316929048555,0.021259821396366948,0.017376935710593733,0.02183482800308342,0.003882885685773215,-0.0005750066067164716,7.749553268160602e-05,10.0,5.0,10000000.0,0.03,1.4238520529266911,0.051663688454404014,0.014579727945089231,0.03708396050931478,0,4,39,45,0.0
validation,20231027,20,2.0,40,91,0.037336634295231756,0.037212440934058955,0.01984762387192851,0.017208909171237647,0.017364817062130444,0.020003531762821308,0.00012419336117280288,10.0,5.0,10000000.0,0.03,1.4008932475675675,0.08279557411520193,0.019771668876,0.06302390523920193,0,4,37,42,2.220446049250313e-16
validation,20231103,20,2.0,40,92,0.018614611528521594,0.01850116270028595,0.018810212940908233,0.015740047093325205,-0.0003090502406222842,0.0027611156069607436,0.00011344882823564585,10.0,5.0,10000000.0,0.03,1.4127943003346142,0.07563255215709723,0.014712535427999999,0.060920016729097255,0,3,36,41,0.0
validation,20231110,20,2.0,40,92,-0.0199188143007907,-0.01998769907441714,-0.009330227197288377,-0.0038751589439258547,-0.010657471877128764,-0.016112540130491286,6.888477362643855e-05,10.0,5.0,10000000.0,0.03,1.454047422344928,0.0459231824176257,0.011101682793,0.03482149962462569,0,4,37,41,1.1102230246251565e-16
validation,20231117,20,2.0,40,92,-0.02631463903702785,-0.02638132635140045,-0.024457773241214786,-0.02955002760955905,-0.0019235531101856641,0.003168701258158598,6.668731437260093e-05,10.0,5.0,10000000.0,0.03,1.6853876857515058,0.04445820958173395,0.013191706479,0.03126650310273395,0,4,40,44,0.0
validation,20231124,20,2.0,40,90,0.015745473399051364,0.015682016293686363,-0.006014789209923488,0.002706933969255729,0.02169680550360985,0.012975082324430634,6.3457105365e-05,10.0,5.0,10000000.0,0.03,1.4881315351126603,0.042304736909999995,0.010155562346999998,0.03214917456299999,0,4,45,49,0.0
validation,20231201,20,2.0,40,87,-0.027860291152517147,-0.027939215125500648,-0.01770533684655773,-0.020047270893942676,-0.01023387827894292,-0.007891944231557972,7.89239729835e-05,10.0,5.0,10000000.0,0.03,1.4600778278395687,0.052615981989000006,0.013068111333,0.039547870656,0,6,44,50,0.0
validation,20231208,20,2.0,40,88,0.00694026367936343,0.006859591323413716,-0.023083080815701207,-0.014995479454333292,0.029942672139114924,0.02185507077774701,8.067235594971458e-05,10.0,5.0,10000000.0,0.03,1.3410212626849922,0.05378157063314305,0.012161859546,0.04161971108714306,0,5,43,48,0.0
validation,20231215,20,2.0,40,87,-0.024937799168607458,-0.025013778722976495,-0.012257771270642648,-0.012368429694559561,-0.012756007452333847,-0.012645349028416934,7.59795543690356e-05,10.0,5.0,10000000.0,0.03,1.2757675721785133,0.05065303624602373,0.029790383900999997,0.020862652345023727,0,6,43,50,0.0
validation,20231222,20,2.0,40,87,0.032615884184383895,0.032565702257600894,0.035887108103476395,0.039928696634436725,-0.003321405845875501,-0.007362994376835831,5.0181926782999106e-05,10.0,5.0,10000000.0,0.03,1.454599672536161,0.033454617855332734,0.017308540692403444,0.01614607716292929,0,7,43,51,0.0
validation,20231229,20,2.0,40,89,-0.07871980060408601,-0.07879317325579384,-0.07769784438922867,-0.08183764406837332,-0.0010953288665651734,0.0030444708125794834,7.337265170782187e-05,10.0,5.0,10000000.0,0.03,1.1573497540282929,0.04891510113854791,0.010910388612,0.03800471252654791,0,8,41,49,0.0
validation,20240108,20,2.0,40,89,-0.009376458385993248,-0.00944667383198412,0.0006863633200286934,-0.0008470555302418826,-0.010133037152012813,-0.008599618301742237,7.02154459908704e-05,10.0,5.0,10000000.0,0.03,1.159971632841455,0.04681029732724693,0.013723080159,0.03308721716824693,0,6,38,44,0.0
validation,20240115,20,2.0,40,87,-0.070053888762158,-0.07011946928174832,-0.04510128759097043,-0.07898139560983011,-0.025018181690777894,0.00886192632808179,6.558051959032959e-05,10.0,5.0,10000000.0,0.03,1.2967280362675115,0.04372034639355306,0.012436340211,0.03128400618255307,0,8,35,43,0.0
validation,20240122,20,2.0,40,88,-0.007519192126346168,-0.007575688634775992,-0.02583702061246773,-0.016922371454922282,0.01826133197769174,0.00934668282014629,5.649650842982397e-05,10.0,5.0,10000000.0,0.03,1.346805057718323,0.03766433895321598,0.017149899168,0.020514439785215974,0,8,35,43,6.661338147750939e-16
validation,20240129,20,2.0,40,89,-0.08655695004430941,-0.08659849121226075,-0.037690747877695,-0.09471903892573982,-0.048907743334565754,0.008120547713479073,4.1541167951333614e-05,10.0,5.0,10000000.0,0.03,1.3375604789324667,0.02769411196755574,0.014518025801999998,0.013176086165555736,0,7,34,41,0.0
validation,20240205,20,2.0,40,90,0.1549108191411053,0.15483469439739236,0.11747451186783953,0.1796245123620934,0.03736018252955284,-0.024789817964701033,7.612474371292691e-05,10.0,5.0,10000000.0,0.03,1.2932914008189045,0.05074982914195127,0.029680098509999996,0.021069730631951278,0,7,34,41,4.440892098500626e-16
validation,20240220,20,2.0,40,88,0.057946134518259786,0.057873237796748286,0.02737547019877251,0.05837109753500061,0.030497767597975775,-0.0004978597382523237,7.289672151149999e-05,10.0,5.0,10000000.0,0.03,1.2657610369124526,0.048597814340999995,0.028118149889999996,0.020479664451,0,8,37,45,0.0
validation,20240227,20,2.0,40,89,0.02205690454526912,0.021916498704865832,0.022119547901011893,0.008839145460132113,-0.00020304919614606148,0.01307735324473372,0.0001404058404032888,10.0,5.0,10000000.0,0.03,1.3702372828650526,0.09360389360219254,0.039154262775,0.054449630827192556,0,7,40,47,3.3306690738754696e-16
validation,20240305,20,2.0,40,89,0.020748410353643654,0.02067191697611881,0.039470658913578704,0.03326544016757025,-0.018798741937459895,-0.01259352319145144,7.649337752484644e-05,10.0,5.0,10000000.0,0.03,1.229351250232487,0.050995585016564295,0.018871113629999995,0.03212447138656429,0,7,40,47,2.220446049250313e-16
validation,20240312,20,2.0,40,90,-0.003170202422722992,-0.0032369942470129916,0.0004731808402840265,0.0024581769633017997,-0.003710175087297018,-0.005695171210314791,6.679182428999983e-05,10.0,5.0,10000000.0,0.03,1.145503174095182,0.04452788285999988,0.0179552290907293,0.026572653769270576,0,6,34,41,1.1102230246251565e-16
validation,20240319,20,2.0,40,90,-0.034418227094337776,-0.034477774258370904,-0.03429754027201193,-0.045611152925458635,-0.00018023398635897553,0.011133378667087732,5.954716403312994e-05,10.0,5.0,10000000.0,0.03,1.1172745023977229,0.03969810935541996,0.017623969524000003,0.022074139831419943,0,6,32,40,1.1102230246251565e-16
validation,20240326,20,2.0,40,93,0.0046308723801590295,0.004582886156585866,0.010294888742827135,0.007804605882501057,-0.005712002586241269,-0.0032217197259151904,4.798622357316363e-05,10.0,5.0,10000000.0,0.03,1.228937019532967,0.03199081571544242,0.016485820422000003,0.01550499529344242,0,6,33,40,0.0
validation,20240402,20,2.0,40,93,-0.04545179128473139,-0.04550396889670922,-0.04214381602817663,-0.03768855568075572,-0.0033601528685325913,-0.007815413215953498,5.2177611977833046e-05,10.0,5.0,10000000.0,0.03,1.46365016675703,0.034785074651888695,0.016903998692888694,0.017881075958999997,0,6,38,45,0.0
validation,20240411,20,2.0,40,93,0.0024962679474292686,0.0024458856885980857,0.0030320097472325003,-0.009396246737949976,-0.0005861240586344145,0.011842132426548063,5.0382258831182995e-05,10.0,5.0,10000000.0,0.03,1.3379469562591952,0.033588172554122,0.014922682875000001,0.018665489679122,0,7,37,44,0.0
validation,20240418,20,2.0,40,93,0.0041875906456700866,0.004103810264550587,-0.012733619671756236,-0.003635388616432173,0.01683742993630682,0.00773919888098276,8.37803811195e-05,10.0,5.0,10000000.0,0.03,1.0420289959402707,0.055853587413,0.033165213044999996,0.022688374368,0,6,42,48,0.0
validation,20240425,20,2.0,40,92,0.06689650575152523,0.06672214509193924,0.07242586022067776,0.07083546029063569,-0.005703715128738518,-0.004113315198696441,0.00017436065958598737,10.0,5.0,10000000.0,0.03,1.5168398547981607,0.11624043972399158,0.06960986929584832,0.04663057042814328,0,7,41,49,0.0
validation,20240507,20,2.0,40,92,0.003950598501394195,0.0038385993858491593,-0.01951964749160018,-0.012635162096630669,0.023358246877449338,0.016473761482479827,0.0001119991155450354,10.0,5.0,10000000.0,0.03,1.4741285059160796,0.07466607703002359,0.035022380390999995,0.039643696639023576,0,7,44,51,0.0
validation,20240514,20,2.0,40,92,0.000603762627482981,0.0004983531869881566,0.0031708922236157733,3.4886642625989536e-05,-0.0026725390366276166,0.00046346654436216705,0.00010540944049482445,10.0,5.0,10000000.0,0.03,1.4207259930166183,0.07027296032988296,0.027813426521999998,0.04245953380788295,0,8,42,50,1.1102230246251565e-16
validation,20240521,20,2.0,40,92,-0.03557600426308409,-0.035680167711631516,-0.02966825079916191,-0.037322859872619574,-0.006011916912469606,0.0016426921609880574,0.00010416344854742334,10.0,5.0,10000000.0,0.03,1.3976687295083425,0.06944229903161556,0.03690625785,0.03253604118161556,0,8,43,51,0.0
validation,20240528,20,2.0,40,85,0.005697960094298445,0.005614547346221035,0.02067139372267901,0.013458395295493683,-0.015056846376457975,-0.007843847949272648,8.341274807741067e-05,10.0,5.0,10000000.0,0.03,1.410084419976325,0.05560849871827377,0.026658539256635857,0.028949959461637902,0,10,37,48,0.0
validation,20240604,20,2.0,40,86,-0.0154446822182835,-0.01553947986612621,-0.03480932119268876,-0.013911494859939002,0.019269841326562547,-0.001627985006187209,9.479764784271112e-05,10.0,5.0,10000000.0,0.03,1.2746579130972444,0.06319843189514075,0.033601289592,0.029597142303140752,0,10,37,48,2.220446049250313e-16
validation,20240612,20,2.0,40,86,0.004999637322476603,0.004886692895252042,0.005101330311221952,-0.012311474133228723,-0.00021463741596990972,0.017198167028480767,0.00011294442722456098,10.0,5.0,10000000.0,0.03,1.2478744551521213,0.07529628481637399,0.04248120804282933,0.03281507677354467,0,10,37,48,4.440892098500626e-16
validation,20240619,20,2.0,40,85,-0.02647917211247955,-0.026581439123559706,-0.032347801135211074,-0.03547913779693131,0.005766362011651368,0.0088976986733716,0.00010226701108015736,10.0,5.0,10000000.0,0.03,1.2584205276804747,0.06817800738677157,0.039081046776771565,0.02909696061,0,11,38,50,2.220446049250313e-16
validation,20240626,20,2.0,40,86,-0.026393812124955184,-0.02648125834749178,-0.04074644682374173,-0.03638149421314952,0.014265188476249954,0.00990023586565774,8.744622253659644e-05,10.0,5.0,10000000.0,0.03,1.0928690274253872,0.05829748169106429,0.03308345967306429,0.025214022018,0,10,40,51,2.220446049250313e-16
validation,20240703,20,2.0,40,88,0.006637887179703701,0.006553372176688625,-0.0054300154169187875,-0.007899611973796386,0.011983387593607411,0.014452984150485012,8.451500301507631e-05,10.0,5.0,10000000.0,0.03,1.15138423508392,0.056343335343384204,0.023323042292702722,0.033020293050681465,0,11,36,48,1.1102230246251565e-16
validation,20240710,20,2.0,40,88,0.007405258142791034,0.007270189328148613,0.027460985784288017,0.013800089057962444,-0.020190796456139404,-0.0065298997298138305,0.00013506881464242092,10.0,5.0,10000000.0,0.03,1.2805089346849388,0.09004587642828062,0.04453931333854155,0.04550656308973906,0,11,36,49,0.0
validation,20240717,20,2.0,40,87,-0.03145193997992537,-0.031572057715159314,-0.026846048231991215,-0.027278579402325153,-0.004726009483168099,-0.004293478312834161,0.00012011773523394786,10.0,5.0,10000000.0,0.03,1.2451256860607909,0.08007849015596524,0.024156924933000003,0.05592156522296524,0,11,36,49,0.0
validation,20240724,20,2.0,40,87,0.04875163751809376,0.04863376697472535,0.02255371256953298,0.0484980472805435,0.02608005440519237,0.00013571969418185031,0.00011787054336841486,10.0,5.0,10000000.0,0.03,1.3205768213166598,0.07858036224560991,0.024669903398999996,0.0539104588466099,0,11,39,50,3.3306690738754696e-16
validation,20240731,20,2.0,40,86,-0.041958643291608796,-0.04207206408617719,-0.04016866117712026,-0.03434816342589756,-0.0019034029090569324,-0.007723900660279628,0.00011342079456838982,10.0,5.0,10000000.0,0.03,1.140084956288612,0.07561386304559321,0.021193376727,0.05442048631859322,0,11,35,46,3.3306690738754696e-16
validation,20240807,20,2.0,40,87,-0.0215522965534194,-0.02161634056234613,-0.022219835879263017,-0.02229484272191744,0.0006034953169168876,0.000678502159571312,6.404400892672881e-05,10.0,5.0,10000000.0,0.03,1.0048887791630388,0.042696005951152534,0.014923239036000001,0.027772766915152534,0,10,35,45,0.0
validation,20240814,20,2.0,40,88,-0.01872338656157274,-0.01879679422716474,-0.01629485813543652,-0.0222042714762396,-0.002501936091728222,0.0034074772490748605,7.3407665592e-05,10.0,5.0,10000000.0,0.03,1.0461147701435447,0.048938443728,0.01704700536,0.03189143836799999,0,9,38,47,4.440892098500626e-16
validation,20240821,20,2.0,40,88,-0.03273658316340198,-0.03281210769668849,-0.017363617954463728,-0.03196377552835108,-0.015448489742224764,-0.0008483321683374137,7.552453328651285e-05,10.0,5.0,10000000.0,0.03,0.9273194599113811,0.05034968885767523,0.017629863219833376,0.032719825637841864,0,9,36,46,3.3306690738754696e-16
validation,20240828,20,2.0,40,88,0.01462927768826304,0.014540518541436839,0.015142052937797024,0.02685899354069787,-0.000601534396360185,-0.012318474999261031,8.875914682620188e-05,10.0,5.0,10000000.0,0.03,0.9111090220771151,0.059172764550801255,0.020793605091,0.03837915945980125,0,9,35,44,3.3306690738754696e-16
validation,20240904,20,2.0,40,88,-0.005721905598142738,-0.005779252549454752,0.0023722541463793156,0.00015036422522908544,-0.008151506695834067,-0.0059296167746838374,5.7346951312013827e-05,10.0,5.0,10000000.0,0.03,1.2552475343178695,0.03823130087467588,0.013100424627,0.02513087624767589,0,10,36,46,0.0
validation,20240911,20,2.0,40,91,-0.01780807817328993,-0.017865397557268195,-0.013943410483354901,-0.026860822752535693,-0.003921987073913294,0.008995425195267498,5.731938397826557e-05,10.0,5.0,10000000.0,0.03,1.4390349026964007,0.038212922652177045,0.014028198593999999,0.02418472405817705,0,11,37,48,1.1102230246251565e-16
validation,20240920,20,2.0,40,90,0.20474217311115245,0.20469135690632795,0.2270531721644249,0.2178136585314809,-0.02236181525809694,-0.01312230162515296,5.081620482450001e-05,10.0,5.0,10000000.0,0.03,1.309980751365971,0.03387746988300001,0.010673496279,0.023203973604,0,11,37,48,2.220446049250313e-16
validation,20240927,20,2.0,40,87,0.038876747611036266,0.03861503800095674,0.11423133354067128,0.05359160134537924,-0.07561629553971454,-0.014976563344422503,0.00026170961007952796,10.0,5.0,10000000.0,0.03,1.3459559807748105,0.17447307338635196,0.057426964296286215,0.1170461090900657,0,12,31,46,3.3306690738754696e-16
validation,20241011,20,2.0,40,93,0.03979893971004611,0.03965669340341587,0.04485283173305232,0.0476608574904904,-0.005196138329636453,-0.00800416408707453,0.0001422463066302401,10.0,5.0,10000000.0,0.03,1.031811094918834,0.09483087108682674,0.026022257289212238,0.0688086137976145,0,9,31,41,0.0
validation,20241018,20,2.0,40,91,0.029859164774919754,0.029698116540818477,0.019951840933766674,0.027952799042583323,0.009746275607051803,0.0017453174982351542,0.00016104823410127627,10.0,5.0,10000000.0,0.03,0.9720522442024946,0.10736548940085085,0.025127258889,0.08223823051185086,0,9,28,38,0.0
validation,20241025,20,2.0,40,92,-0.04986375583183707,-0.0499808688550595,-0.051435461300810115,-0.05569345995461123,0.0014545924457506146,0.005712591099551731,0.00011711302322243347,10.0,5.0,10000000.0,0.03,1.0419667056680817,0.07807534881495565,0.026826197187000002,0.05124915162795565,0,9,29,38,1.1102230246251565e-16
validation,20241101,20,2.0,40,91,0.09540294389156924,0.09533056946085675,0.09316044260255607,0.1036910008617181,0.002170126858300675,-0.00836043140086136,7.237443071249999e-05,10.0,5.0,10000000.0,0.03,0.9484365199352152,0.04824962047499999,0.022499406660000002,0.025750213815000002,0,11,30,41,2.220446049250313e-16
validation,20241108,20,2.0,40,90,-0.030067585708949678,-0.030305131361569163,-0.033583367788935004,-0.033403646438359275,0.003278236427365841,0.003098515076790112,0.00023754565261948458,10.0,5.0,10000000.0,0.03,1.3073858890264753,0.1583637684129897,0.0928343826660495,0.0655293857469402,0,11,31,44,0.0
validation,20241115,20,2.0,40,91,-0.044713313337469474,-0.0448367624201834,-0.030329868694342066,-0.036854731129457606,-0.014506893725841331,-0.007982031290725791,0.000123449082713923,10.0,5.0,10000000.0,0.03,1.0217887489569843,0.08229938847594867,0.053758827910382195,0.028540560565566444,0,11,30,43,0.0
validation,20241122,20,2.0,40,91,0.018752913470660243,0.01861149954908371,0.02226141703560791,0.02510308825225307,-0.003649917486524202,-0.0064915887031693625,0.00014141392157653544,10.0,5.0,10000000.0,0.03,1.425017724356194,0.0942759477176903,0.06733133840069033,0.026944609317000004,0,11,38,50,1.1102230246251565e-16
validation,20241129,20,2.0,40,84,0.029458899356680297,0.029290629415297073,0.019362162616176848,0.02165549740763406,0.009928466799120225,0.007635132007663012,0.00016826994138322221,10.0,5.0,10000000.0,0.03,1.4168544120698716,0.11217996092214814,0.08782524130151469,0.0243547196206335,0,12,37,50,0.0
validation,20241206,20,2.0,40,83,-0.006778484860847653,-0.00694957210768286,-0.014029378348852095,-0.009980382380286198,0.007079806241169235,0.0030308102726033376,0.0001710872468352067,10.0,5.0,10000000.0,0.03,1.3840206058719384,0.11405816455680447,0.0893834006388045,0.024674763917999998,0,13,38,52,3.3306690738754696e-16
validation,20241213,20,2.0,40,84,-0.012650077514384628,-0.012830859285535734,-0.01145147143153824,-0.007168938220738834,-0.0013793878539974935,-0.0056619210647969,0.00018078177115110684,10.0,5.0,10000000.0,0.03,1.3930283475931378,0.12052118076740456,0.08941464451684836,0.0311065362505562,0,11,37,50,1.1102230246251565e-16
validation,20241220,20,2.0,40,83,-0.002576954702846416,-0.002747441585964318,-0.002156484051675678,-0.00904211379609727,-0.0005909575342886403,0.006294672210132952,0.00017048688311790237,10.0,5.0,10000000.0,0.03,1.2609179192362603,0.11365792207860158,0.0590175185856016,0.05464040349299999,0,12,37,52,3.3306690738754696e-16
validation,20241227,20,2.0,40,83,-0.08935314764824165,-0.0895207571373415,-0.0864923138115552,-0.09918310354331719,-0.0030284433257863064,0.009662346405975686,0.0001676094890998525,10.0,5.0,10000000.0,0.03,1.3535229846329646,0.11173965939990167,0.053244268775617054,0.05849539062428464,0,12,41,54,0.0
