run,engine,split,setting,net_ann,net_ir,net_mdd,excess_benchmark_ann,excess_exec_universe_ann,avg_filled_turnover,avg_position_count
clean_alpha_only,t1_fill_rank_buffer,test,top_10_keep_1x,1.4327701518288065,0.33449211438503634,-0.23563799093023707,0.5425915701933064,0.6556720019334477,0.08862869148335481,27.606060606060606
clean_alpha_only,t1_fill_rank_buffer,test,top_10_keep_1.5x,1.3414707234202954,0.3244755777907369,-0.23485390538086615,0.4837176733149964,0.5934625707071373,0.0858635991894491,28.78787878787879
clean_alpha_only,t1_fill_rank_buffer,test,top_10_keep_2x,1.2503517512477758,0.3100559439834203,-0.23341617889129396,0.42348803249601463,0.5289262845171974,0.07728823601553397,26.893939393939394
clean_alpha_only,t1_fill_rank_buffer,test,top_10_keep_3x,1.1983000936045318,0.30885879840190794,-0.2363604612753588,0.38864407669887546,0.4906726515142985,0.06584778901230766,24.772727272727273
clean_alpha_only,t1_fill_rank_buffer,test,top_20_keep_1x,0.8193113684035014,0.3030470222971465,-0.2261781834413279,0.15074910354563675,0.23369624317240612,0.15208085063740623,53.121212121212125
clean_alpha_only,t1_fill_rank_buffer,test,top_20_keep_1.5x,0.6275450045754702,0.26026004963259197,-0.22654690192190607,0.026551322236785913,0.099681272390586,0.1174677902011636,47.27272727272727
clean_alpha_only,t1_fill_rank_buffer,test,top_20_keep_2x,0.5205210325164782,0.2327854569940101,-0.21925031597168299,-0.043825472878946226,0.02336670438881283,0.0928964099307255,41.59090909090909
clean_alpha_only,t1_fill_rank_buffer,test,top_20_keep_3x,0.5992561741575728,0.25764395622925335,-0.2236136670501052,0.006477753602803782,0.07772340649174869,0.0720163424568463,31.560606060606062
clean_alpha_only,t1_fill_rank_buffer,test,top_30_keep_1x,0.39487969557830827,0.19603269412855504,-0.20870242890473512,-0.12428410355299713,-0.06199252142683975,0.1747817213339247,68.07575757575758
clean_alpha_only,t1_fill_rank_buffer,test,top_30_keep_1.5x,0.34801025937361385,0.18100249461760898,-0.2041563868657067,-0.15564654287514912,-0.0956705311320486,0.11381760581989708,56.621212121212125
clean_alpha_only,t1_fill_rank_buffer,test,top_30_keep_2x,0.43410495935968463,0.21720846549629402,-0.2052269771666999,-0.1017431266686104,-0.03779743565783544,0.09111266236890105,45.74242424242424
clean_alpha_only,t1_fill_rank_buffer,test,top_30_keep_3x,0.5612541368545632,0.24669161683216728,-0.20318193921198513,-0.01593336889205965,0.05358645520670513,0.034203786196744974,34.196969696969695
clean_alpha_only,t1_fill_rank_buffer,validation,top_10_keep_1x,-0.12512260141658083,-0.027611833456370135,-0.4711686263848123,-0.11949483248366266,-0.052747386093230375,0.04134359098890601,26.65979381443299
clean_alpha_only,t1_fill_rank_buffer,validation,top_10_keep_1.5x,-0.12320882777117981,-0.026935234137415595,-0.4667198681429704,-0.1177831189523102,-0.0508764488693183,0.038023584730339684,26.123711340206185
clean_alpha_only,t1_fill_rank_buffer,validation,top_10_keep_2x,-0.11751510630765072,-0.024825006049575382,-0.4613035685769592,-0.11251861348878911,-0.04515389264419645,0.03682641628150016,25.463917525773194
clean_alpha_only,t1_fill_rank_buffer,validation,top_10_keep_3x,-0.09974552248852919,-0.017782357933885315,-0.45514153780650257,-0.09548743919107094,-0.026994809848270185,0.03178981318500394,22.88659793814433
clean_alpha_only,t1_fill_rank_buffer,validation,top_20_keep_1x,-0.038290160904773995,0.008664129123148429,-0.4280622378791855,-0.03305753175083381,0.04041560114498832,0.06772234532048174,50.43298969072165
clean_alpha_only,t1_fill_rank_buffer,validation,top_20_keep_1.5x,-0.043632623910414225,0.0049671641256891635,-0.4159504879130349,-0.0410304834925842,0.031607828275587835,0.059981674710853375,45.50515463917526
clean_alpha_only,t1_fill_rank_buffer,validation,top_20_keep_2x,-0.048281421916846146,0.0015455370169993633,-0.40296034163431627,-0.04801665308418335,0.023809936566337564,0.049639713505366896,40.01030927835052
clean_alpha_only,t1_fill_rank_buffer,validation,top_20_keep_3x,-0.05500851290151454,-0.0019052321857496329,-0.40947746365738624,-0.05585037740899679,0.015481889383983871,0.03018114388075123,30.463917525773194
clean_alpha_only,t1_fill_rank_buffer,validation,top_30_keep_1x,-0.04628036903531196,0.0023128028975952317,-0.41231388751617737,-0.045516821286653464,0.026699177879445868,0.08900608317165305,72.56701030927834
clean_alpha_only,t1_fill_rank_buffer,validation,top_30_keep_1.5x,-0.05706489363848066,-0.0034541852294925806,-0.4059856625697068,-0.05771309711509265,0.013436731341941455,0.06465246137725873,58.58762886597938
clean_alpha_only,t1_fill_rank_buffer,validation,top_30_keep_2x,-0.06708260144883804,-0.007474757395898497,-0.4090147219584067,-0.06680934213208156,0.00381444206110948,0.04260914969755942,45.24742268041237
clean_alpha_only,t1_fill_rank_buffer,validation,top_30_keep_3x,-0.019940649844515823,0.014891931261250416,-0.396533738856957,-0.014603965836901156,0.059505008855551766,0.02376785687553476,34.74226804123711
clean_alpha_only,barra_lite_optimizer,test,industry_proxy_k10_style0_turn0,1.4327701518288063,0.3344921143850363,-0.235637990930237,0.5425915701933062,0.6556720019334483,0.0886286914833548,27.60606060606061
clean_alpha_only,barra_lite_optimizer,test,industry_proxy_k10_style0_turn0.02,1.406985471954719,0.3310866063666024,-0.235637990930237,0.5253132984583944,0.6375112584270952,0.0880267847466649,27.63636363636364
clean_alpha_only,barra_lite_optimizer,test,industry_proxy_k10_style0.05_turn0,1.4254343193503956,0.3333344337928995,-0.235637990930237,0.5380262488335288,0.6507486661642381,0.0889637537248757,27.681818181818183
clean_alpha_only,barra_lite_optimizer,test,industry_proxy_k10_style0.05_turn0.02,1.4035486954600227,0.3305968282874511,-0.235637990930237,0.523137908624006,0.6351791738515995,0.0884215153074833,27.727272727272727
clean_alpha_only,barra_lite_optimizer,test,industry_proxy_k10_style0.1_turn0,1.6881925945249332,0.3608888024527075,-0.2427298526528454,0.7101214011853758,0.8348749372430859,0.0877216261398654,27.545454545454547
clean_alpha_only,barra_lite_optimizer,test,industry_proxy_k10_style0.1_turn0.02,1.6860877093380626,0.3606713270786758,-0.2427298526528454,0.7087499216200261,0.8334061760926041,0.0878445743271118,27.60606060606061
clean_alpha_only,barra_lite_optimizer,test,industry_proxy_k10_style0.2_turn0,1.6926369604613911,0.3609940389277683,-0.2429548831983919,0.7133304834367962,0.838246417727855,0.0881717705667453,27.681818181818183
clean_alpha_only,barra_lite_optimizer,test,industry_proxy_k10_style0.2_turn0.02,1.6843277416704927,0.360352932006222,-0.2428230742874753,0.7078712674245908,0.8323893176871258,0.0882368885469129,27.71212121212121
clean_alpha_only,barra_lite_optimizer,test,industry_proxy_k20_style0_turn0,0.8193113684035016,0.3030470222971465,-0.2261781834413279,0.1507491035456369,0.2336962431724061,0.1520808506374062,53.121212121212125
clean_alpha_only,barra_lite_optimizer,test,industry_proxy_k20_style0_turn0.02,0.8128280855472474,0.3007600948123629,-0.2251656111284937,0.1467543608288894,0.2294942613122914,0.1494503662070383,52.84848484848485
clean_alpha_only,barra_lite_optimizer,test,industry_proxy_k20_style0.05_turn0,0.7612740760976222,0.2883959589527057,-0.2256237255871119,0.114230731885232,0.1945611807986518,0.1528816857968863,53.196969696969695
clean_alpha_only,barra_lite_optimizer,test,industry_proxy_k20_style0.05_turn0.02,0.7689542747917528,0.2909355243881227,-0.2250139394278199,0.1191421176292433,0.1997101809937436,0.1513439589059508,52.93939393939394
clean_alpha_only,barra_lite_optimizer,test,industry_proxy_k20_style0.1_turn0,0.7481220887157849,0.2844494119765756,-0.2247227875947884,0.1063056624756735,0.1858485752761898,0.1534282724467019,53.10606060606061
clean_alpha_only,barra_lite_optimizer,test,industry_proxy_k20_style0.1_turn0.02,0.7522407744462669,0.2855186749365909,-0.2245838599555767,0.1090823958565039,0.1887575503549095,0.1511501756066003,52.78787878787879
clean_alpha_only,barra_lite_optimizer,test,industry_proxy_k20_style0.2_turn0,0.7351049286875437,0.2796955363181388,-0.2244884044187513,0.0982101227494107,0.1771402672045552,0.1527349974655855,52.30303030303031
clean_alpha_only,barra_lite_optimizer,test,industry_proxy_k20_style0.2_turn0.02,0.718947569770497,0.2753563502066412,-0.224438978158413,0.0877513700261114,0.1660222813144971,0.1512611031498733,52.06060606060606
clean_alpha_only,barra_lite_optimizer,test,industry_proxy_k30_style0_turn0,0.3948796955783071,0.1960326941285551,-0.2087024289047351,-0.1242841035529971,-0.0619925214268394,0.1747817213339247,68.07575757575758
clean_alpha_only,barra_lite_optimizer,test,industry_proxy_k30_style0_turn0.02,0.3969451475768291,0.1970977658828646,-0.2087024289047351,-0.1229815342907381,-0.0606629106755041,0.1742757663873966,68.04545454545455
clean_alpha_only,barra_lite_optimizer,test,industry_proxy_k30_style0.05_turn0,0.375662155975935,0.1888908973126674,-0.2089739042307636,-0.1364227188836977,-0.0751235228782725,0.1741096630427044,67.93939393939394
clean_alpha_only,barra_lite_optimizer,test,industry_proxy_k30_style0.05_turn0.02,0.3926430174930351,0.1956097790028347,-0.2081353145287184,-0.1257146719352523,-0.0637726781836304,0.1731007028610439,67.07575757575758
clean_alpha_only,barra_lite_optimizer,test,industry_proxy_k30_style0.1_turn0,0.3872167759410039,0.1951170975312566,-0.2071235972314898,-0.1293521772969064,-0.0678945786608231,0.1744198168124273,67.18181818181819
clean_alpha_only,barra_lite_optimizer,test,industry_proxy_k30_style0.1_turn0.02,0.3924075437129519,0.1968456526939874,-0.207584313499278,-0.1259488083696744,-0.06423658417129,0.1743878442648481,67.3030303030303
clean_alpha_only,barra_lite_optimizer,test,industry_proxy_k30_style0.2_turn0,0.3970598306459894,0.1987551401406704,-0.205991740348474,-0.1229019354620759,-0.0611076909815151,0.1735644973044672,66.72727272727273
clean_alpha_only,barra_lite_optimizer,test,industry_proxy_k30_style0.2_turn0.02,0.3950296420885297,0.1977527049716597,-0.206320631313461,-0.1241708213011046,-0.0624405612340505,0.1729758527015502,66.65151515151516
clean_alpha_only,barra_lite_optimizer,test,industry_size_k10_style0_turn0,1.4327701518288063,0.3344921143850363,-0.235637990930237,0.5425915701933062,0.6556720019334483,0.0886286914833548,27.60606060606061
clean_alpha_only,barra_lite_optimizer,test,industry_size_k10_style0_turn0.02,1.406985471954719,0.3310866063666024,-0.235637990930237,0.5253132984583944,0.6375112584270952,0.0880267847466649,27.63636363636364
clean_alpha_only,barra_lite_optimizer,test,industry_size_k10_style0.05_turn0,1.443868249071853,0.3344229282271098,-0.235637990930237,0.5507047583816573,0.6638653738599414,0.0885133963837818,27.560606060606062
clean_alpha_only,barra_lite_optimizer,test,industry_size_k10_style0.05_turn0.02,1.4447864696729802,0.3345467750439113,-0.235637990930237,0.5512908417630205,0.6645237888823703,0.0885561367330579,27.57575757575757
clean_alpha_only,barra_lite_optimizer,test,industry_size_k10_style0.1_turn0,1.4438392704948235,0.3345017335268201,-0.235637990930237,0.5506686746400313,0.6638594899802843,0.0884368895061867,27.59090909090909
clean_alpha_only,barra_lite_optimizer,test,industry_size_k10_style0.1_turn0.02,1.4424100380767095,0.3339486074796579,-0.2356043289199599,0.5499571382246435,0.6631472295991407,0.0879601661866576,27.51515151515152
clean_alpha_only,barra_lite_optimizer,test,industry_size_k10_style0.2_turn0,1.4548245412597254,0.3345186811820957,-0.2354314226869853,0.5579145595965378,0.6719749402149782,0.08763192943621,27.53030303030303
clean_alpha_only,barra_lite_optimizer,test,industry_size_k10_style0.2_turn0.02,1.4536432600349136,0.3347247740746395,-0.2353363806280686,0.5571270316781947,0.6710894241219867,0.0875439592965725,27.51515151515152
clean_alpha_only,barra_lite_optimizer,test,industry_size_k20_style0_turn0,0.8193113684035016,0.3030470222971465,-0.2261781834413279,0.1507491035456369,0.2336962431724061,0.1520808506374062,53.121212121212125
clean_alpha_only,barra_lite_optimizer,test,industry_size_k20_style0_turn0.02,0.8128280855472474,0.3007600948123629,-0.2251656111284937,0.1467543608288894,0.2294942613122914,0.1494503662070383,52.84848484848485
clean_alpha_only,barra_lite_optimizer,test,industry_size_k20_style0.05_turn0,0.7865831794931668,0.2946147705591317,-0.2255232468245849,0.1301815879428198,0.2118833257303058,0.1503256544651496,53.09090909090909
clean_alpha_only,barra_lite_optimizer,test,industry_size_k20_style0.05_turn0.02,0.7795448833991458,0.2930785677446641,-0.2247057990916722,0.1257308703702366,0.2069132446791468,0.1488601315921563,53.01515151515152
clean_alpha_only,barra_lite_optimizer,test,industry_size_k20_style0.1_turn0,0.7785887779111207,0.292745713834773,-0.2243672117860227,0.1250570520555525,0.2064159239875327,0.149301226585195,52.80303030303031
clean_alpha_only,barra_lite_optimizer,test,industry_size_k20_style0.1_turn0.02,0.7901340817897304,0.2954428774288083,-0.2242747653788147,0.1322934576809444,0.2140776390260195,0.1477328259741196,52.60606060606061
clean_alpha_only,barra_lite_optimizer,test,industry_size_k20_style0.2_turn0,0.7688782867961832,0.2889758170581646,-0.2238912933339415,0.1195000081485544,0.2001796638529436,0.1484340603361587,51.89393939393939
clean_alpha_only,barra_lite_optimizer,test,industry_size_k20_style0.2_turn0.02,0.7540225735145187,0.2845677008116245,-0.2255693806916523,0.1105423308922204,0.1903079343666194,0.1469930497853157,52.34848484848485
clean_alpha_only,barra_lite_optimizer,test,industry_size_k30_style0_turn0,0.3948796955783071,0.1960326941285551,-0.2087024289047351,-0.1242841035529971,-0.0619925214268394,0.1747817213339247,68.07575757575758
clean_alpha_only,barra_lite_optimizer,test,industry_size_k30_style0_turn0.02,0.3969451475768291,0.1970977658828646,-0.2087024289047351,-0.1229815342907381,-0.0606629106755041,0.1742757663873966,68.04545454545455
clean_alpha_only,barra_lite_optimizer,test,industry_size_k30_style0.05_turn0,0.3654498324656579,0.1856584472712637,-0.2074362035690511,-0.1430451982017777,-0.0823773163030445,0.1730859792785302,67.98484848484848
clean_alpha_only,barra_lite_optimizer,test,industry_size_k30_style0.05_turn0.02,0.3584422396935423,0.1828897614167878,-0.2074362035690511,-0.1476189372901644,-0.0872140703974626,0.172553187524255,67.12121212121212
clean_alpha_only,barra_lite_optimizer,test,industry_size_k30_style0.1_turn0,0.3714000613777026,0.1876749272020057,-0.2074555959855812,-0.1389349767382665,-0.0780570267789807,0.172791059273928,67.03030303030303
clean_alpha_only,barra_lite_optimizer,test,industry_size_k30_style0.1_turn0.02,0.3638655114297298,0.1847262042256527,-0.2082806070318358,-0.143748532926209,-0.0831966366869058,0.1720506076128041,66.53030303030303
clean_alpha_only,barra_lite_optimizer,test,industry_size_k30_style0.2_turn0,0.3799748943780838,0.1902481408872149,-0.2076000460054544,-0.1333388785650682,-0.0719251479037316,0.1714868129974874,66.15151515151516
clean_alpha_only,barra_lite_optimizer,test,industry_size_k30_style0.2_turn0.02,0.3764750728061372,0.1891418292682703,-0.2077012675705986,-0.1356316102397797,-0.0743916047949182,0.1692705362714089,66.0
clean_alpha_only,barra_lite_optimizer,test,industry_size_liquidity_vol_mom_k10_style0_turn0,1.4327701518288063,0.3344921143850363,-0.235637990930237,0.5425915701933062,0.6556720019334483,0.0886286914833548,27.60606060606061
clean_alpha_only,barra_lite_optimizer,test,industry_size_liquidity_vol_mom_k10_style0_turn0.02,1.406985471954719,0.3310866063666024,-0.235637990930237,0.5253132984583944,0.6375112584270952,0.0880267847466649,27.63636363636364
clean_alpha_only,barra_lite_optimizer,test,industry_size_liquidity_vol_mom_k10_style0.05_turn0,1.4481655106103073,0.3351867480033256,-0.235637990930237,0.5532393381834917,0.6665468516746134,0.0890048930749845,27.60606060606061
clean_alpha_only,barra_lite_optimizer,test,industry_size_liquidity_vol_mom_k10_style0.05_turn0.02,1.4071726652215104,0.3310695049141139,-0.235637990930237,0.5254717689390147,0.6376881699914321,0.0878708881370284,27.59090909090909
clean_alpha_only,barra_lite_optimizer,test,industry_size_liquidity_vol_mom_k10_style0.1_turn0,1.669590989097332,0.3582103755963109,-0.2426155332684989,0.6970403150962401,0.8216147361613975,0.0874128685719693,27.63636363636364
clean_alpha_only,barra_lite_optimizer,test,industry_size_liquidity_vol_mom_k10_style0.1_turn0.02,1.670462211306432,0.3592601529686275,-0.2426155332684989,0.6975337407058697,0.8217836162426786,0.0872843571517648,27.62121212121212
clean_alpha_only,barra_lite_optimizer,test,industry_size_liquidity_vol_mom_k10_style0.2_turn0,1.711514155804263,0.3621602138886287,-0.2430147596676206,0.7243722099526766,0.8511329979444291,0.0870106728546053,27.393939393939394
clean_alpha_only,barra_lite_optimizer,test,industry_size_liquidity_vol_mom_k10_style0.2_turn0.02,1.7137373069933814,0.3623986992179961,-0.2430147596676206,0.7258142463307187,0.8526864598978325,0.0869988572214413,27.363636363636363
clean_alpha_only,barra_lite_optimizer,test,industry_size_liquidity_vol_mom_k20_style0_turn0,0.8193113684035016,0.3030470222971465,-0.2261781834413279,0.1507491035456369,0.2336962431724061,0.1520808506374062,53.121212121212125
clean_alpha_only,barra_lite_optimizer,test,industry_size_liquidity_vol_mom_k20_style0_turn0.02,0.8128280855472474,0.3007600948123629,-0.2251656111284937,0.1467543608288894,0.2294942613122914,0.1494503662070383,52.84848484848485
clean_alpha_only,barra_lite_optimizer,test,industry_size_liquidity_vol_mom_k20_style0.05_turn0,0.7906117723900412,0.29693416722504,-0.2225201038148039,0.1324992482853062,0.2138956768163313,0.1508515615750638,53.21212121212121
clean_alpha_only,barra_lite_optimizer,test,industry_size_liquidity_vol_mom_k20_style0.05_turn0.02,0.7896674402493946,0.2969501623764659,-0.2226692060469338,0.1318263524054845,0.2131272610911976,0.1496799929749402,53.121212121212125
clean_alpha_only,barra_lite_optimizer,test,industry_size_liquidity_vol_mom_k20_style0.1_turn0,0.7706742351789231,0.2968270773340294,-0.2225284992145135,0.1198410986485922,0.1990486496903005,0.1493497100771851,53.03030303030303
clean_alpha_only,barra_lite_optimizer,test,industry_size_liquidity_vol_mom_k20_style0.1_turn0.02,0.7618583048978649,0.2954113835840828,-0.2221162795021242,0.1140930049358635,0.1928292070382207,0.1486729611164232,52.80303030303031
clean_alpha_only,barra_lite_optimizer,test,industry_size_liquidity_vol_mom_k20_style0.2_turn0,0.7719188292122257,0.2985693064507088,-0.220289325494804,0.12030741603126,0.1993315226046921,0.1478482900959378,52.696969696969695
clean_alpha_only,barra_lite_optimizer,test,industry_size_liquidity_vol_mom_k20_style0.2_turn0.02,0.7582797588157377,0.2962335488241012,-0.2222677494411608,0.1113822036886953,0.189475685711786,0.1470557220492589,52.34848484848485
clean_alpha_only,barra_lite_optimizer,test,industry_size_liquidity_vol_mom_k30_style0_turn0,0.3948796955783071,0.1960326941285551,-0.2087024289047351,-0.1242841035529971,-0.0619925214268394,0.1747817213339247,68.07575757575758
clean_alpha_only,barra_lite_optimizer,test,industry_size_liquidity_vol_mom_k30_style0_turn0.02,0.3969451475768291,0.1970977658828646,-0.2087024289047351,-0.1229815342907381,-0.0606629106755041,0.1742757663873966,68.04545454545455
clean_alpha_only,barra_lite_optimizer,test,industry_size_liquidity_vol_mom_k30_style0.05_turn0,0.3975081735940666,0.1973296329853152,-0.2090510244281928,-0.1225425960848899,-0.0602823855739922,0.1738944346203141,67.53030303030303
clean_alpha_only,barra_lite_optimizer,test,industry_size_liquidity_vol_mom_k30_style0.05_turn0.02,0.38801289299497,0.1944464830090694,-0.2081957966615665,-0.1287423880817656,-0.06698116695045,0.1731832044828815,67.43939393939394
clean_alpha_only,barra_lite_optimizer,test,industry_size_liquidity_vol_mom_k30_style0.1_turn0,0.3987672557371415,0.1992404004554209,-0.207259023540989,-0.1220538738811,-0.0598957282811408,0.1741516079074591,67.53030303030303
clean_alpha_only,barra_lite_optimizer,test,industry_size_liquidity_vol_mom_k30_style0.1_turn0.02,0.3954172056841438,0.197854851304403,-0.2072115573859312,-0.1241617167533382,-0.0621528626235031,0.1733728237731808,67.45454545454545
clean_alpha_only,barra_lite_optimizer,test,industry_size_liquidity_vol_mom_k30_style0.2_turn0,0.3981374554661769,0.199093728296329,-0.2041014551653747,-0.1225291556027349,-0.0603849927224362,0.1741692931269896,67.37878787878788
clean_alpha_only,barra_lite_optimizer,test,industry_size_liquidity_vol_mom_k30_style0.2_turn0.02,0.4035289742249177,0.2008357268306874,-0.2048092027307051,-0.11914603343943,-0.0566860239176745,0.1725523149494117,67.28787878787878
clean_alpha_only,barra_lite_optimizer,test,none_k10_style0_turn0,1.4327701518288063,0.3344921143850363,-0.235637990930237,0.5425915701933062,0.6556720019334483,0.0886286914833548,27.60606060606061
clean_alpha_only,barra_lite_optimizer,test,none_k10_style0_turn0.02,1.406985471954719,0.3310866063666024,-0.235637990930237,0.5253132984583944,0.6375112584270952,0.0880267847466649,27.63636363636364
clean_alpha_only,barra_lite_optimizer,test,none_k10_style0.05_turn0,1.4327701518288063,0.3344921143850363,-0.235637990930237,0.5425915701933062,0.6556720019334483,0.0886286914833548,27.60606060606061
clean_alpha_only,barra_lite_optimizer,test,none_k10_style0.05_turn0.02,1.406985471954719,0.3310866063666024,-0.235637990930237,0.5253132984583944,0.6375112584270952,0.0880267847466649,27.63636363636364
clean_alpha_only,barra_lite_optimizer,test,none_k10_style0.1_turn0,1.4327701518288063,0.3344921143850363,-0.235637990930237,0.5425915701933062,0.6556720019334483,0.0886286914833548,27.60606060606061
clean_alpha_only,barra_lite_optimizer,test,none_k10_style0.1_turn0.02,1.406985471954719,0.3310866063666024,-0.235637990930237,0.5253132984583944,0.6375112584270952,0.0880267847466649,27.63636363636364
clean_alpha_only,barra_lite_optimizer,test,none_k10_style0.2_turn0,1.4327701518288063,0.3344921143850363,-0.235637990930237,0.5425915701933062,0.6556720019334483,0.0886286914833548,27.60606060606061
clean_alpha_only,barra_lite_optimizer,test,none_k10_style0.2_turn0.02,1.406985471954719,0.3310866063666024,-0.235637990930237,0.5253132984583944,0.6375112584270952,0.0880267847466649,27.63636363636364
clean_alpha_only,barra_lite_optimizer,test,none_k20_style0_turn0,0.8193113684035016,0.3030470222971465,-0.2261781834413279,0.1507491035456369,0.2336962431724061,0.1520808506374062,53.121212121212125
clean_alpha_only,barra_lite_optimizer,test,none_k20_style0_turn0.02,0.8128280855472474,0.3007600948123629,-0.2251656111284937,0.1467543608288894,0.2294942613122914,0.1494503662070383,52.84848484848485
clean_alpha_only,barra_lite_optimizer,test,none_k20_style0.05_turn0,0.8193113684035016,0.3030470222971465,-0.2261781834413279,0.1507491035456369,0.2336962431724061,0.1520808506374062,53.121212121212125
clean_alpha_only,barra_lite_optimizer,test,none_k20_style0.05_turn0.02,0.8128280855472474,0.3007600948123629,-0.2251656111284937,0.1467543608288894,0.2294942613122914,0.1494503662070383,52.84848484848485
clean_alpha_only,barra_lite_optimizer,test,none_k20_style0.1_turn0,0.8193113684035016,0.3030470222971465,-0.2261781834413279,0.1507491035456369,0.2336962431724061,0.1520808506374062,53.121212121212125
clean_alpha_only,barra_lite_optimizer,test,none_k20_style0.1_turn0.02,0.8128280855472474,0.3007600948123629,-0.2251656111284937,0.1467543608288894,0.2294942613122914,0.1494503662070383,52.84848484848485
clean_alpha_only,barra_lite_optimizer,test,none_k20_style0.2_turn0,0.8193113684035016,0.3030470222971465,-0.2261781834413279,0.1507491035456369,0.2336962431724061,0.1520808506374062,53.121212121212125
clean_alpha_only,barra_lite_optimizer,test,none_k20_style0.2_turn0.02,0.8128280855472474,0.3007600948123629,-0.2251656111284937,0.1467543608288894,0.2294942613122914,0.1494503662070383,52.84848484848485
clean_alpha_only,barra_lite_optimizer,test,none_k30_style0_turn0,0.3948796955783071,0.1960326941285551,-0.2087024289047351,-0.1242841035529971,-0.0619925214268394,0.1747817213339247,68.07575757575758
clean_alpha_only,barra_lite_optimizer,test,none_k30_style0_turn0.02,0.3969451475768291,0.1970977658828646,-0.2087024289047351,-0.1229815342907381,-0.0606629106755041,0.1742757663873966,68.04545454545455
clean_alpha_only,barra_lite_optimizer,test,none_k30_style0.05_turn0,0.3948796955783071,0.1960326941285551,-0.2087024289047351,-0.1242841035529971,-0.0619925214268394,0.1747817213339247,68.07575757575758
clean_alpha_only,barra_lite_optimizer,test,none_k30_style0.05_turn0.02,0.3969451475768291,0.1970977658828646,-0.2087024289047351,-0.1229815342907381,-0.0606629106755041,0.1742757663873966,68.04545454545455
clean_alpha_only,barra_lite_optimizer,test,none_k30_style0.1_turn0,0.3948796955783071,0.1960326941285551,-0.2087024289047351,-0.1242841035529971,-0.0619925214268394,0.1747817213339247,68.07575757575758
clean_alpha_only,barra_lite_optimizer,test,none_k30_style0.1_turn0.02,0.3969451475768291,0.1970977658828646,-0.2087024289047351,-0.1229815342907381,-0.0606629106755041,0.1742757663873966,68.04545454545455
clean_alpha_only,barra_lite_optimizer,test,none_k30_style0.2_turn0,0.3948796955783071,0.1960326941285551,-0.2087024289047351,-0.1242841035529971,-0.0619925214268394,0.1747817213339247,68.07575757575758
clean_alpha_only,barra_lite_optimizer,test,none_k30_style0.2_turn0.02,0.3969451475768291,0.1970977658828646,-0.2087024289047351,-0.1229815342907381,-0.0606629106755041,0.1742757663873966,68.04545454545455
clean_alpha_only,barra_lite_optimizer,validation,industry_proxy_k10_style0_turn0,-0.1251226014165808,-0.0276118334563701,-0.4711686263848123,-0.1194948324836626,-0.0527473860932304,0.041343590988906,26.65979381443299
clean_alpha_only,barra_lite_optimizer,validation,industry_proxy_k10_style0_turn0.02,-0.1250244285394531,-0.0275781773693933,-0.4709870705869342,-0.1194057297935853,-0.0526520181816799,0.0413150683154475,26.670103092783503
clean_alpha_only,barra_lite_optimizer,validation,industry_proxy_k10_style0.05_turn0,-0.1243110144451681,-0.0272815634140718,-0.4704902693810755,-0.1187032000058783,-0.0519022993240272,0.0412503549093087,26.68041237113402
clean_alpha_only,barra_lite_optimizer,validation,industry_proxy_k10_style0.05_turn0.02,-0.1248076293342547,-0.0275053528333777,-0.470643304158362,-0.1192044894624417,-0.0524407413737937,0.0412464676228514,26.762886597938145
clean_alpha_only,barra_lite_optimizer,validation,industry_proxy_k10_style0.1_turn0,-0.1263698778253709,-0.0281348439953944,-0.4732017030728886,-0.1206948931298567,-0.0540334837815903,0.0409658107522432,26.77319587628866
clean_alpha_only,barra_lite_optimizer,validation,industry_proxy_k10_style0.1_turn0.02,-0.1266685817674034,-0.0283186488002295,-0.4730550396577971,-0.1210641852687823,-0.0544234630040348,0.0409257753066688,26.762886597938145
clean_alpha_only,barra_lite_optimizer,validation,industry_proxy_k10_style0.2_turn0,-0.0047402024335446,0.0280644634797904,-0.5136529920047261,0.0082908298822246,0.089663621692787,0.0397459216160776,25.7319587628866
clean_alpha_only,barra_lite_optimizer,validation,industry_proxy_k10_style0.2_turn0.02,-0.0054711127554185,0.0278083242697226,-0.5141274642591576,0.0075646788504031,0.0888750363125971,0.0397492301173938,25.68041237113402
clean_alpha_only,barra_lite_optimizer,validation,industry_proxy_k20_style0_turn0,-0.0382901609047742,0.0086641291231484,-0.4280622378791858,-0.033057531750834,0.0404156011449883,0.0677223453204817,50.43298969072165
clean_alpha_only,barra_lite_optimizer,validation,industry_proxy_k20_style0_turn0.02,-0.0375777978073024,0.0089264921903507,-0.4277620717548855,-0.0323718587280792,0.0411458712611638,0.0673072804305114,50.29896907216495
clean_alpha_only,barra_lite_optimizer,validation,industry_proxy_k20_style0.05_turn0,-0.0372640544804553,0.009138497452376,-0.4274495077468958,-0.0318157484931125,0.0417020690177121,0.0681799659584202,50.34020618556701
clean_alpha_only,barra_lite_optimizer,validation,industry_proxy_k20_style0.05_turn0.02,-0.037249940234934,0.0090813538978837,-0.4261398922345566,-0.0319334122492936,0.0415951771634077,0.0673658765042207,50.2680412371134
clean_alpha_only,barra_lite_optimizer,validation,industry_proxy_k20_style0.1_turn0,-0.0377046986443189,0.0089417693443279,-0.4264435791317374,-0.0322132582810782,0.0412636841912283,0.0680196252167434,49.865979381443296
clean_alpha_only,barra_lite_optimizer,validation,industry_proxy_k20_style0.1_turn0.02,-0.0372501956288616,0.0091134213311032,-0.4266258019969396,-0.0317754683552965,0.0417445866877923,0.0675929746588045,49.74226804123711
clean_alpha_only,barra_lite_optimizer,validation,industry_proxy_k20_style0.2_turn0,-0.0257971074693721,0.0138908440989771,-0.4188319303821429,-0.0195581667810443,0.0547369308538339,0.0681848426942603,49.329896907216494
clean_alpha_only,barra_lite_optimizer,validation,industry_proxy_k20_style0.2_turn0.02,-0.0255982435245287,0.0139306313798156,-0.4190822630092542,-0.0194407899065642,0.0548950135686667,0.067841746277405,49.07216494845361
clean_alpha_only,barra_lite_optimizer,validation,industry_proxy_k30_style0_turn0,-0.046280369035312,0.0023128028975952,-0.4123138875161776,-0.0455168212866535,0.0266991778794456,0.089006083171653,72.56701030927834
clean_alpha_only,barra_lite_optimizer,validation,industry_proxy_k30_style0_turn0.02,-0.0453633604961221,0.002736041594084,-0.411661532873591,-0.0445123571798669,0.0277696212136882,0.0885905456967802,72.41237113402062
clean_alpha_only,barra_lite_optimizer,validation,industry_proxy_k30_style0.05_turn0,-0.0606785385378895,-0.0036440574023621,-0.4120655705837091,-0.0588310165104001,0.0123893513956636,0.0889641586944742,72.69072164948453
clean_alpha_only,barra_lite_optimizer,validation,industry_proxy_k30_style0.05_turn0.02,-0.0605419612847961,-0.0036143057135321,-0.4125745530142799,-0.0586963910382067,0.0125041527319968,0.0880728877934547,72.35051546391753
clean_alpha_only,barra_lite_optimizer,validation,industry_proxy_k30_style0.1_turn0,-0.0686227706881082,-0.0069924789512755,-0.4150409317118257,-0.0664630821938991,0.0042011954912453,0.0880767455756366,71.23711340206185
clean_alpha_only,barra_lite_optimizer,validation,industry_proxy_k30_style0.1_turn0.02,-0.0710708907636623,-0.0079329862891187,-0.4156693379985665,-0.0686719558315667,0.0018574616976243,0.0874582754583085,70.95876288659794
clean_alpha_only,barra_lite_optimizer,validation,industry_proxy_k30_style0.2_turn0,-0.0768889101141776,-0.0103470762710456,-0.4180649629346348,-0.0741863706298058,-0.0040472258467894,0.0878634055967143,69.72164948453609
clean_alpha_only,barra_lite_optimizer,validation,industry_proxy_k30_style0.2_turn0.02,-0.0799440791744913,-0.0118005502660805,-0.4193372971249832,-0.0773993480314308,-0.0074992160831407,0.0867615406081464,69.90721649484536
clean_alpha_only,barra_lite_optimizer,validation,industry_size_k10_style0_turn0,-0.1251226014165808,-0.0276118334563701,-0.4711686263848123,-0.1194948324836626,-0.0527473860932304,0.041343590988906,26.65979381443299
clean_alpha_only,barra_lite_optimizer,validation,industry_size_k10_style0_turn0.02,-0.1250244285394531,-0.0275781773693933,-0.4709870705869342,-0.1194057297935853,-0.0526520181816799,0.0413150683154475,26.670103092783503
clean_alpha_only,barra_lite_optimizer,validation,industry_size_k10_style0.05_turn0,-0.0029748341880108,0.0286117453330406,-0.5123863644273706,0.010055842426867,0.0915489550550363,0.0404052875218771,25.53608247422681
clean_alpha_only,barra_lite_optimizer,validation,industry_size_k10_style0.05_turn0.02,-0.0032641784824207,0.0285189409130023,-0.5124216823746004,0.0097406584973289,0.0912110417964204,0.0402473031703804,25.61855670103093
clean_alpha_only,barra_lite_optimizer,validation,industry_size_k10_style0.1_turn0,-0.0044035414991528,0.0282008850564724,-0.5134203478797801,0.0086568289564894,0.0900673347536167,0.0392633514599033,25.649484536082475
clean_alpha_only,barra_lite_optimizer,validation,industry_size_k10_style0.1_turn0.02,-0.0041521068470251,0.0282708070027598,-0.5134485426916578,0.0088944513781263,0.09032546317093,0.0392565398546937,25.649484536082475
clean_alpha_only,barra_lite_optimizer,validation,industry_size_k10_style0.2_turn0,-0.0045523875327745,0.0282557619844813,-0.5143228920582529,0.0087785051920861,0.0902363660938001,0.0386370212120982,25.690721649484537
clean_alpha_only,barra_lite_optimizer,validation,industry_size_k10_style0.2_turn0.02,-0.0039583020667771,0.0283950007207386,-0.5144999600681075,0.0092571875184315,0.0907311464768025,0.0386164539326027,25.649484536082475
clean_alpha_only,barra_lite_optimizer,validation,industry_size_k20_style0_turn0,-0.0382901609047742,0.0086641291231484,-0.4280622378791858,-0.033057531750834,0.0404156011449883,0.0677223453204817,50.43298969072165
clean_alpha_only,barra_lite_optimizer,validation,industry_size_k20_style0_turn0.02,-0.0375777978073024,0.0089264921903507,-0.4277620717548855,-0.0323718587280792,0.0411458712611638,0.0673072804305114,50.29896907216495
clean_alpha_only,barra_lite_optimizer,validation,industry_size_k20_style0.05_turn0,-0.0388158354006333,0.00845331428532,-0.4273558574320176,-0.0335156651658233,0.0398950660286405,0.0670967191288805,49.896907216494846
clean_alpha_only,barra_lite_optimizer,validation,industry_size_k20_style0.05_turn0.02,-0.0395991069140735,0.0081336717773279,-0.4263498888276017,-0.0342403171688069,0.0391480841262021,0.0665908477177929,49.37113402061856
clean_alpha_only,barra_lite_optimizer,validation,industry_size_k20_style0.1_turn0,-0.0403355436413528,0.0078995771265003,-0.4285824070839696,-0.0348774669228637,0.0384377788517682,0.0662628184397614,49.44329896907217
clean_alpha_only,barra_lite_optimizer,validation,industry_size_k20_style0.1_turn0.02,-0.0414760156629007,0.0074696579511572,-0.428256045720873,-0.0358250334813217,0.0374328484687902,0.0659985467410782,49.48453608247423
clean_alpha_only,barra_lite_optimizer,validation,industry_size_k20_style0.2_turn0,-0.0151525701598213,0.0198079654383484,-0.4577004312307547,-0.0056714239036353,0.0711874505441374,0.0635598014759133,48.94845360824742
clean_alpha_only,barra_lite_optimizer,validation,industry_size_k20_style0.2_turn0.02,-0.0166732577733843,0.019209061743695,-0.4580063919492414,-0.0072619034580866,0.0694849584848653,0.0636915521333293,48.97938144329897
clean_alpha_only,barra_lite_optimizer,validation,industry_size_k30_style0_turn0,-0.046280369035312,0.0023128028975952,-0.4123138875161776,-0.0455168212866535,0.0266991778794456,0.089006083171653,72.56701030927834
clean_alpha_only,barra_lite_optimizer,validation,industry_size_k30_style0_turn0.02,-0.0453633604961221,0.002736041594084,-0.411661532873591,-0.0445123571798669,0.0277696212136882,0.0885905456967802,72.41237113402062
clean_alpha_only,barra_lite_optimizer,validation,industry_size_k30_style0.05_turn0,-0.0573019651843265,-0.0023513707859467,-0.4101627678551831,-0.0559306176226982,0.0155460130477604,0.0887486812128748,72.68041237113403
clean_alpha_only,barra_lite_optimizer,validation,industry_size_k30_style0.05_turn0.02,-0.0595436374448877,-0.0033776594928627,-0.4130915231155114,-0.0581795834930798,0.0130951380920294,0.0875393411923127,72.31958762886597
clean_alpha_only,barra_lite_optimizer,validation,industry_size_k30_style0.1_turn0,-0.0603668715225699,-0.003263423237791,-0.4186757650968532,-0.0582680054153409,0.0130756188312124,0.0873739299325118,72.18556701030928
clean_alpha_only,barra_lite_optimizer,validation,industry_size_k30_style0.1_turn0.02,-0.0641546617873516,-0.0049434358006731,-0.4195731564431377,-0.0620608379043736,0.008991950061461,0.0864679405640494,71.95876288659794
clean_alpha_only,barra_lite_optimizer,validation,industry_size_k30_style0.2_turn0,-0.0783478784070287,-0.0114238770449772,-0.4213735855857962,-0.076677829420986,-0.0065501484871339,0.0845945810811049,69.77319587628865
clean_alpha_only,barra_lite_optimizer,validation,industry_size_k30_style0.2_turn0.02,-0.0769177722937511,-0.0108370156898264,-0.4198723853376472,-0.0752994584183631,-0.0050891332780029,0.0838520370546796,69.73195876288659
clean_alpha_only,barra_lite_optimizer,validation,industry_size_liquidity_vol_mom_k10_style0_turn0,-0.1251226014165808,-0.0276118334563701,-0.4711686263848123,-0.1194948324836626,-0.0527473860932304,0.041343590988906,26.65979381443299
clean_alpha_only,barra_lite_optimizer,validation,industry_size_liquidity_vol_mom_k10_style0_turn0.02,-0.1250244285394531,-0.0275781773693933,-0.4709870705869342,-0.1194057297935853,-0.0526520181816799,0.0413150683154475,26.670103092783503
clean_alpha_only,barra_lite_optimizer,validation,industry_size_liquidity_vol_mom_k10_style0.05_turn0,-0.1259719508680289,-0.0279979948231979,-0.4726357330875789,-0.1203547340469609,-0.0536653481467309,0.0401323085814349,26.690721649484537
clean_alpha_only,barra_lite_optimizer,validation,industry_size_liquidity_vol_mom_k10_style0.05_turn0.02,-0.1262478204018473,-0.0281263510188582,-0.4727248554948241,-0.1206381886911149,-0.0539697037183439,0.0401628265085558,26.711340206185568
clean_alpha_only,barra_lite_optimizer,validation,industry_size_liquidity_vol_mom_k10_style0.1_turn0,-0.1285245466818899,-0.0292082516734112,-0.4743920362332241,-0.123045294344111,-0.0565545144251787,0.039455410946815,26.690721649484537
clean_alpha_only,barra_lite_optimizer,validation,industry_size_liquidity_vol_mom_k10_style0.1_turn0.02,-0.128219536245974,-0.0290793030135179,-0.4738051366405761,-0.1227515427196089,-0.0562377602851739,0.0394964679965388,26.701030927835053
clean_alpha_only,barra_lite_optimizer,validation,industry_size_liquidity_vol_mom_k10_style0.2_turn0,-0.1278629411326781,-0.0288755599342938,-0.4740172589033723,-0.1223576267155562,-0.0558119245143631,0.0388097477832597,26.75257731958763
clean_alpha_only,barra_lite_optimizer,validation,industry_size_liquidity_vol_mom_k10_style0.2_turn0.02,-0.1276039225795679,-0.0287645811192265,-0.4740502234832506,-0.1221012895834037,-0.0555333913468023,0.038619256256089,26.762886597938145
clean_alpha_only,barra_lite_optimizer,validation,industry_size_liquidity_vol_mom_k20_style0_turn0,-0.0382901609047742,0.0086641291231484,-0.4280622378791858,-0.033057531750834,0.0404156011449883,0.0677223453204817,50.43298969072165
clean_alpha_only,barra_lite_optimizer,validation,industry_size_liquidity_vol_mom_k20_style0_turn0.02,-0.0375777978073024,0.0089264921903507,-0.4277620717548855,-0.0323718587280792,0.0411458712611638,0.0673072804305114,50.29896907216495
clean_alpha_only,barra_lite_optimizer,validation,industry_size_liquidity_vol_mom_k20_style0.05_turn0,-0.0342042990808069,0.0103651042052289,-0.422872735250874,-0.0289083919112803,0.0448610598007312,0.0666628194330153,50.39175257731959
clean_alpha_only,barra_lite_optimizer,validation,industry_size_liquidity_vol_mom_k20_style0.05_turn0.02,-0.0337496702980808,0.0105491271822257,-0.4225590311468155,-0.0284219776898142,0.0454062832511141,0.066594296148119,50.27835051546392
clean_alpha_only,barra_lite_optimizer,validation,industry_size_liquidity_vol_mom_k20_style0.1_turn0,-0.0342484451603809,0.010431043230193,-0.424231867167424,-0.028746517730429,0.045049801105947,0.0654615501307683,50.39175257731959
clean_alpha_only,barra_lite_optimizer,validation,industry_size_liquidity_vol_mom_k20_style0.1_turn0.02,-0.0332469753486602,0.010781771136388,-0.4233244647738743,-0.0278564270598642,0.046037261922367,0.0650806135331637,49.69072164948454
clean_alpha_only,barra_lite_optimizer,validation,industry_size_liquidity_vol_mom_k20_style0.2_turn0,-0.0233052054724638,0.0150725706078389,-0.4191155131455474,-0.0166805388171903,0.057896632026285,0.0653494663476666,49.54639175257732
clean_alpha_only,barra_lite_optimizer,validation,industry_size_liquidity_vol_mom_k20_style0.2_turn0.02,-0.0239985801162806,0.0148260284820848,-0.4195910601473334,-0.0172795930601658,0.0572735659618688,0.0654021588445151,49.45360824742268
clean_alpha_only,barra_lite_optimizer,validation,industry_size_liquidity_vol_mom_k30_style0_turn0,-0.046280369035312,0.0023128028975952,-0.4123138875161776,-0.0455168212866535,0.0266991778794456,0.089006083171653,72.56701030927834
clean_alpha_only,barra_lite_optimizer,validation,industry_size_liquidity_vol_mom_k30_style0_turn0.02,-0.0453633604961221,0.002736041594084,-0.411661532873591,-0.0445123571798669,0.0277696212136882,0.0885905456967802,72.41237113402062
clean_alpha_only,barra_lite_optimizer,validation,industry_size_liquidity_vol_mom_k30_style0.05_turn0,-0.0518132580777747,-9.265428180620389e-05,-0.4078938251684439,-0.0507481105876562,0.0210762962301269,0.0886877726847166,72.56701030927834
clean_alpha_only,barra_lite_optimizer,validation,industry_size_liquidity_vol_mom_k30_style0.05_turn0.02,-0.0482356030347652,0.0013659349977627,-0.4093077020665107,-0.0473969365378477,0.0246740232409432,0.0881262404951259,72.23711340206185
clean_alpha_only,barra_lite_optimizer,validation,industry_size_liquidity_vol_mom_k30_style0.1_turn0,-0.0623900419191082,-0.0041011389592098,-0.4183460313090876,-0.060121491455931,0.0111371990407838,0.0862856814955142,71.9278350515464
clean_alpha_only,barra_lite_optimizer,validation,industry_size_liquidity_vol_mom_k30_style0.1_turn0.02,-0.0573330901408771,-0.0019849905321383,-0.4189945992325499,-0.0552446398114593,0.016380044502362,0.086128915107311,71.72164948453609
clean_alpha_only,barra_lite_optimizer,validation,industry_size_liquidity_vol_mom_k30_style0.2_turn0,-0.0586181502883103,-0.002519905616821,-0.4169662598268429,-0.0564696300791253,0.0150166961681197,0.0853361353825628,71.49484536082474
clean_alpha_only,barra_lite_optimizer,validation,industry_size_liquidity_vol_mom_k30_style0.2_turn0.02,-0.0607146600879731,-0.0034609439103649,-0.4166002267264127,-0.0585810794264161,0.0127449247582107,0.0849925025036951,71.38144329896907
clean_alpha_only,barra_lite_optimizer,validation,none_k10_style0_turn0,-0.1251226014165808,-0.0276118334563701,-0.4711686263848123,-0.1194948324836626,-0.0527473860932304,0.041343590988906,26.65979381443299
clean_alpha_only,barra_lite_optimizer,validation,none_k10_style0_turn0.02,-0.1250244285394531,-0.0275781773693933,-0.4709870705869342,-0.1194057297935853,-0.0526520181816799,0.0413150683154475,26.670103092783503
clean_alpha_only,barra_lite_optimizer,validation,none_k10_style0.05_turn0,-0.1251226014165808,-0.0276118334563701,-0.4711686263848123,-0.1194948324836626,-0.0527473860932304,0.041343590988906,26.65979381443299
clean_alpha_only,barra_lite_optimizer,validation,none_k10_style0.05_turn0.02,-0.1250244285394531,-0.0275781773693933,-0.4709870705869342,-0.1194057297935853,-0.0526520181816799,0.0413150683154475,26.670103092783503
clean_alpha_only,barra_lite_optimizer,validation,none_k10_style0.1_turn0,-0.1251226014165808,-0.0276118334563701,-0.4711686263848123,-0.1194948324836626,-0.0527473860932304,0.041343590988906,26.65979381443299
clean_alpha_only,barra_lite_optimizer,validation,none_k10_style0.1_turn0.02,-0.1250244285394531,-0.0275781773693933,-0.4709870705869342,-0.1194057297935853,-0.0526520181816799,0.0413150683154475,26.670103092783503
clean_alpha_only,barra_lite_optimizer,validation,none_k10_style0.2_turn0,-0.1251226014165808,-0.0276118334563701,-0.4711686263848123,-0.1194948324836626,-0.0527473860932304,0.041343590988906,26.65979381443299
clean_alpha_only,barra_lite_optimizer,validation,none_k10_style0.2_turn0.02,-0.1250244285394531,-0.0275781773693933,-0.4709870705869342,-0.1194057297935853,-0.0526520181816799,0.0413150683154475,26.670103092783503
clean_alpha_only,barra_lite_optimizer,validation,none_k20_style0_turn0,-0.0382901609047742,0.0086641291231484,-0.4280622378791858,-0.033057531750834,0.0404156011449883,0.0677223453204817,50.43298969072165
clean_alpha_only,barra_lite_optimizer,validation,none_k20_style0_turn0.02,-0.0375777978073024,0.0089264921903507,-0.4277620717548855,-0.0323718587280792,0.0411458712611638,0.0673072804305114,50.29896907216495
clean_alpha_only,barra_lite_optimizer,validation,none_k20_style0.05_turn0,-0.0382901609047742,0.0086641291231484,-0.4280622378791858,-0.033057531750834,0.0404156011449883,0.0677223453204817,50.43298969072165
clean_alpha_only,barra_lite_optimizer,validation,none_k20_style0.05_turn0.02,-0.0375777978073024,0.0089264921903507,-0.4277620717548855,-0.0323718587280792,0.0411458712611638,0.0673072804305114,50.29896907216495
clean_alpha_only,barra_lite_optimizer,validation,none_k20_style0.1_turn0,-0.0382901609047742,0.0086641291231484,-0.4280622378791858,-0.033057531750834,0.0404156011449883,0.0677223453204817,50.43298969072165
clean_alpha_only,barra_lite_optimizer,validation,none_k20_style0.1_turn0.02,-0.0375777978073024,0.0089264921903507,-0.4277620717548855,-0.0323718587280792,0.0411458712611638,0.0673072804305114,50.29896907216495
clean_alpha_only,barra_lite_optimizer,validation,none_k20_style0.2_turn0,-0.0382901609047742,0.0086641291231484,-0.4280622378791858,-0.033057531750834,0.0404156011449883,0.0677223453204817,50.43298969072165
clean_alpha_only,barra_lite_optimizer,validation,none_k20_style0.2_turn0.02,-0.0375777978073024,0.0089264921903507,-0.4277620717548855,-0.0323718587280792,0.0411458712611638,0.0673072804305114,50.29896907216495
clean_alpha_only,barra_lite_optimizer,validation,none_k30_style0_turn0,-0.046280369035312,0.0023128028975952,-0.4123138875161776,-0.0455168212866535,0.0266991778794456,0.089006083171653,72.56701030927834
clean_alpha_only,barra_lite_optimizer,validation,none_k30_style0_turn0.02,-0.0453633604961221,0.002736041594084,-0.411661532873591,-0.0445123571798669,0.0277696212136882,0.0885905456967802,72.41237113402062
clean_alpha_only,barra_lite_optimizer,validation,none_k30_style0.05_turn0,-0.046280369035312,0.0023128028975952,-0.4123138875161776,-0.0455168212866535,0.0266991778794456,0.089006083171653,72.56701030927834
clean_alpha_only,barra_lite_optimizer,validation,none_k30_style0.05_turn0.02,-0.0453633604961221,0.002736041594084,-0.411661532873591,-0.0445123571798669,0.0277696212136882,0.0885905456967802,72.41237113402062
clean_alpha_only,barra_lite_optimizer,validation,none_k30_style0.1_turn0,-0.046280369035312,0.0023128028975952,-0.4123138875161776,-0.0455168212866535,0.0266991778794456,0.089006083171653,72.56701030927834
clean_alpha_only,barra_lite_optimizer,validation,none_k30_style0.1_turn0.02,-0.0453633604961221,0.002736041594084,-0.411661532873591,-0.0445123571798669,0.0277696212136882,0.0885905456967802,72.41237113402062
clean_alpha_only,barra_lite_optimizer,validation,none_k30_style0.2_turn0,-0.046280369035312,0.0023128028975952,-0.4123138875161776,-0.0455168212866535,0.0266991778794456,0.089006083171653,72.56701030927834
clean_alpha_only,barra_lite_optimizer,validation,none_k30_style0.2_turn0.02,-0.0453633604961221,0.002736041594084,-0.411661532873591,-0.0445123571798669,0.0277696212136882,0.0885905456967802,72.41237113402062
clean_alpha_resid_style,t1_fill_rank_buffer,test,top_10_keep_1x,0.4617588379571378,0.20353374268568766,-0.18398206241625426,-0.08419128957186417,-0.01584970475798886,0.08638086967622581,25.772727272727273
clean_alpha_resid_style,t1_fill_rank_buffer,test,top_10_keep_1.5x,0.424701445526773,0.19336010328301387,-0.1832080405738088,-0.10821386179587311,-0.04106948094457896,0.08022893502228946,24.015151515151516
clean_alpha_resid_style,t1_fill_rank_buffer,test,top_10_keep_2x,0.4697261586765349,0.2092918840198275,-0.18118243623061625,-0.07952109188457535,-0.01051610357523236,0.07568955602771411,22.272727272727273
clean_alpha_resid_style,t1_fill_rank_buffer,test,top_10_keep_3x,0.4745815984062225,0.21304319794428467,-0.18186111051976317,-0.07672170378636767,-0.007919543289238051,0.06114572084246783,20.515151515151516
clean_alpha_resid_style,t1_fill_rank_buffer,test,top_20_keep_1x,0.46994485332509406,0.2318874957429846,-0.15075508629399648,-0.07868430213424915,-0.014335722677960017,0.13607486353937123,47.34848484848485
clean_alpha_resid_style,t1_fill_rank_buffer,test,top_20_keep_1.5x,0.4352969400322084,0.21944509782211802,-0.15255962084964336,-0.10101984725114721,-0.037802880434465,0.10649060442147336,43.63636363636363
clean_alpha_resid_style,t1_fill_rank_buffer,test,top_20_keep_2x,0.4129364950012713,0.2147712314897543,-0.15225434926741388,-0.11675954582834525,-0.054846647048859776,0.09056956706440832,38.10606060606061
clean_alpha_resid_style,t1_fill_rank_buffer,test,top_20_keep_3x,0.3141430015366986,0.17151695166846814,-0.16626949896543497,-0.18079934676692933,-0.1211251522033483,0.05786896723417652,30.424242424242426
clean_alpha_resid_style,t1_fill_rank_buffer,test,top_30_keep_1x,0.378628667185247,0.19970648993690668,-0.1699270582793475,-0.13578487882596801,-0.0761518171398301,0.1665442029953452,63.57575757575758
clean_alpha_resid_style,t1_fill_rank_buffer,test,top_30_keep_1.5x,0.40858779933209455,0.21627597185662054,-0.16811080283137803,-0.11939982198155641,-0.05763110837998464,0.11707522193708746,52.5
clean_alpha_resid_style,t1_fill_rank_buffer,test,top_30_keep_2x,0.33628479875789363,0.18097908908605784,-0.1716843065043504,-0.16502352423026845,-0.1053372358315402,0.08803475180306625,45.303030303030305
clean_alpha_resid_style,t1_fill_rank_buffer,test,top_30_keep_3x,0.4793120547069065,0.2348131071195309,-0.17289184132294,-0.07337337264572352,-0.008146096848310802,0.03979336894141325,35.71212121212121
clean_alpha_resid_style,t1_fill_rank_buffer,validation,top_10_keep_1x,-0.06357724737095294,-0.005243189426188511,-0.39599910211463174,-0.06625881858702043,0.0010958491100354628,0.03761889266068782,26.288659793814432
clean_alpha_resid_style,t1_fill_rank_buffer,validation,top_10_keep_1.5x,-0.056236517824097554,-0.002124020539270969,-0.3893265009604432,-0.05870467030186477,0.009235938737972793,0.03453322949880918,24.8659793814433
clean_alpha_resid_style,t1_fill_rank_buffer,validation,top_10_keep_2x,-0.052482121194087905,-0.0006227193180617824,-0.388910692319802,-0.05490888662034399,0.013450359920625043,0.03185388935219872,24.49484536082474
clean_alpha_resid_style,t1_fill_rank_buffer,validation,top_10_keep_3x,-0.05545669706599632,-0.002895200557510819,-0.38326623544380634,-0.05961613054213433,0.008860612671095947,0.024345232588256983,22.391752577319586
clean_alpha_resid_style,t1_fill_rank_buffer,validation,top_20_keep_1x,-0.039045484776183526,0.004879914000793295,-0.36721460545670337,-0.039256172027374414,0.030627185677253088,0.06314976817592968,49.649484536082475
clean_alpha_resid_style,t1_fill_rank_buffer,validation,top_20_keep_1.5x,-0.018731852039222563,0.01350912406229471,-0.3429183187979197,-0.019613254638584432,0.05202467941608546,0.052133846500790386,43.896907216494846
clean_alpha_resid_style,t1_fill_rank_buffer,validation,top_20_keep_2x,0.0021818528874837373,0.022242763813135672,-0.326765513932066,-0.0007321680179674939,0.0725642146176868,0.04317002185820675,38.49484536082474
clean_alpha_resid_style,t1_fill_rank_buffer,validation,top_20_keep_3x,-0.01048797619995867,0.016502536048637478,-0.33199479711152047,-0.013666486778615705,0.058828289468462414,0.03251820427190674,30.896907216494846
clean_alpha_resid_style,t1_fill_rank_buffer,validation,top_30_keep_1x,-0.08639591809048042,-0.017145556728728497,-0.417717449285129,-0.08436519386782226,-0.017660748398458437,0.08143096544296302,65.08247422680412
clean_alpha_resid_style,t1_fill_rank_buffer,validation,top_30_keep_1.5x,-0.09075420417790159,-0.02137845655604836,-0.4122510624020308,-0.09195609473501898,-0.025522240360629778,0.053446824676324695,52.876288659793815
clean_alpha_resid_style,t1_fill_rank_buffer,validation,top_30_keep_2x,-0.08846618945327267,-0.02056608691698157,-0.40051968764912205,-0.09046303209054762,-0.023553760688262315,0.04118546766288117,44.43298969072165
clean_alpha_resid_style,t1_fill_rank_buffer,validation,top_30_keep_3x,-0.07076721872080849,-0.008432874804326295,-0.3879883663564555,-0.06696558944941289,0.001564003752733134,0.02052279454664598,35.51546391752577
clean_alpha_resid_style,barra_lite_optimizer,test,industry_proxy_k10_style0_turn0,0.4617588379571387,0.2035337426856876,-0.1839820624162542,-0.0841912895718641,-0.0158497047579888,0.0863808696762258,25.772727272727277
clean_alpha_resid_style,barra_lite_optimizer,test,industry_proxy_k10_style0_turn0.02,0.4618878135262518,0.2035693208369451,-0.1839820624162542,-0.0841205267667281,-0.0157559200348276,0.0863998652922477,26.10606060606061
clean_alpha_resid_style,barra_lite_optimizer,test,industry_proxy_k10_style0.05_turn0,0.4606144676306549,0.203438170345184,-0.1839427973685646,-0.0849271522239124,-0.0166925720527817,0.0866923208251038,26.12121212121212
clean_alpha_resid_style,barra_lite_optimizer,test,industry_proxy_k10_style0.05_turn0.02,0.4583557809413294,0.2025079627929353,-0.1839427973685646,-0.0863086973667188,-0.0181542271471163,0.0867613738672498,26.13636363636364
clean_alpha_resid_style,barra_lite_optimizer,test,industry_proxy_k10_style0.1_turn0,0.4555100961508902,0.2015258656782051,-0.1840022442323398,-0.0880689728666974,-0.0200239021921561,0.0870526072285201,26.303030303030305
clean_alpha_resid_style,barra_lite_optimizer,test,industry_proxy_k10_style0.1_turn0.02,0.4566045988050575,0.2017663160883398,-0.183885077454235,-0.0872980744580317,-0.0192176261947347,0.0867063987810091,26.348484848484848
clean_alpha_resid_style,barra_lite_optimizer,test,industry_proxy_k10_style0.2_turn0,0.4832460130545843,0.2102315929029367,-0.1835595197186469,-0.0703366060381035,-0.0011366686823538,0.0863813218111335,26.03030303030303
clean_alpha_resid_style,barra_lite_optimizer,test,industry_proxy_k10_style0.2_turn0.02,0.4793084940946157,0.2088787005372457,-0.1835659466306443,-0.0728698198545271,-0.0037775753255571,0.0867852191625432,25.924242424242426
clean_alpha_resid_style,barra_lite_optimizer,test,industry_proxy_k20_style0_turn0,0.4699448533250936,0.2318874957429846,-0.1507550862939964,-0.0786843021342492,-0.01433572267796,0.1360748635393712,47.34848484848485
clean_alpha_resid_style,barra_lite_optimizer,test,industry_proxy_k20_style0_turn0.02,0.4672001710442353,0.2317830811182211,-0.1507635184076059,-0.0808832446372259,-0.0164797472563393,0.1306239112989266,46.09090909090909
clean_alpha_resid_style,barra_lite_optimizer,test,industry_proxy_k20_style0.05_turn0,0.432050300634375,0.2200503783971729,-0.1553237496176684,-0.1026251973520303,-0.040521208359044,0.1334280630439837,46.46969696969697
clean_alpha_resid_style,barra_lite_optimizer,test,industry_proxy_k20_style0.05_turn0.02,0.4119194559636296,0.2129068812709843,-0.1545507235908177,-0.1153836146745842,-0.0541202992718855,0.1274935082206446,46.01515151515152
clean_alpha_resid_style,barra_lite_optimizer,test,industry_proxy_k20_style0.1_turn0,0.3852536734772043,0.2019101304335987,-0.154776262422087,-0.1324241274047638,-0.0721710754368356,0.1296101425490621,46.27272727272727
clean_alpha_resid_style,barra_lite_optimizer,test,industry_proxy_k20_style0.1_turn0.02,0.3841917259611076,0.1998800141936769,-0.1539172736202014,-0.1326725546247107,-0.0721564965505608,0.1252036450103208,45.56060606060606
clean_alpha_resid_style,barra_lite_optimizer,test,industry_proxy_k20_style0.2_turn0,0.3330241843798143,0.1799403254250411,-0.1615265448115543,-0.1646765665981742,-0.1085622125006461,0.1337233124911375,45.59090909090909
clean_alpha_resid_style,barra_lite_optimizer,test,industry_proxy_k20_style0.2_turn0.02,0.322693427775395,0.1759169842259756,-0.1585739656577122,-0.1712406907428993,-0.1155443738321265,0.1285434387423319,44.93939393939394
clean_alpha_resid_style,barra_lite_optimizer,test,industry_proxy_k30_style0_turn0,0.3786286671852472,0.1997064899369067,-0.1699270582793475,-0.135784878825968,-0.0761518171398297,0.1665442029953452,63.57575757575758
clean_alpha_resid_style,barra_lite_optimizer,test,industry_proxy_k30_style0_turn0.02,0.3823419139379473,0.1993454999087267,-0.1686878712712932,-0.1331236297686122,-0.0729025124481553,0.1593674128205774,62.13636363636363
clean_alpha_resid_style,barra_lite_optimizer,test,industry_proxy_k30_style0.05_turn0,0.3602354460371111,0.1886145941256892,-0.166918546791811,-0.1464702579989779,-0.0872741680053957,0.168999435145157,64.12121212121212
clean_alpha_resid_style,barra_lite_optimizer,test,industry_proxy_k30_style0.05_turn0.02,0.3653399957050425,0.1926976171835006,-0.1659705010902968,-0.1437596977515931,-0.0845633814030311,0.1614926176078099,63.01515151515152
clean_alpha_resid_style,barra_lite_optimizer,test,industry_proxy_k30_style0.1_turn0,0.3511831722605538,0.1859064510994414,-0.1695995482346391,-0.1527444431267138,-0.0941519154725087,0.169038818436313,63.45454545454545
clean_alpha_resid_style,barra_lite_optimizer,test,industry_proxy_k30_style0.1_turn0.02,0.3129129655394067,0.1721219998412337,-0.1678915671369942,-0.1774573387390688,-0.1206798977611884,0.1600202052944902,62.45454545454545
clean_alpha_resid_style,barra_lite_optimizer,test,industry_proxy_k30_style0.2_turn0,0.3189790265981469,0.1744804135854332,-0.1916706491038187,-0.1724313788593802,-0.1156374039826737,0.1625483599748017,59.36363636363637
clean_alpha_resid_style,barra_lite_optimizer,test,industry_proxy_k30_style0.2_turn0.02,0.3174767510971634,0.1761797322052409,-0.1899882815071782,-0.1742180357801998,-0.1175889225708146,0.1568087728113923,59.36363636363637
clean_alpha_resid_style,barra_lite_optimizer,test,industry_size_k10_style0_turn0,0.4617588379571387,0.2035337426856876,-0.1839820624162542,-0.0841912895718641,-0.0158497047579888,0.0863808696762258,25.772727272727277
clean_alpha_resid_style,barra_lite_optimizer,test,industry_size_k10_style0_turn0.02,0.4618878135262518,0.2035693208369451,-0.1839820624162542,-0.0841205267667281,-0.0157559200348276,0.0863998652922477,26.10606060606061
clean_alpha_resid_style,barra_lite_optimizer,test,industry_size_k10_style0.05_turn0,0.461645757022334,0.2038426773249236,-0.1839820624162542,-0.0843720825418032,-0.015933750150386,0.0862141228568611,26.181818181818183
clean_alpha_resid_style,barra_lite_optimizer,test,industry_size_k10_style0.05_turn0.02,0.4610061950949249,0.2035992207194218,-0.1839435892696402,-0.084753323190762,-0.0163377499991083,0.0863991166917786,26.07575757575757
clean_alpha_resid_style,barra_lite_optimizer,test,industry_size_k10_style0.1_turn0,0.4649868338494491,0.2050850255882427,-0.1839427973685646,-0.0822136200320917,-0.0136999029310244,0.0860622515056281,25.74242424242424
clean_alpha_resid_style,barra_lite_optimizer,test,industry_size_k10_style0.1_turn0.02,0.4626831599950936,0.2040379335470276,-0.1839435892696402,-0.083577399362158,-0.0151519192617464,0.0856441597846091,26.07575757575757
clean_alpha_resid_style,barra_lite_optimizer,test,industry_size_k10_style0.2_turn0,0.4472844382118279,0.2002419648059505,-0.1835868849961311,-0.0938803278562513,-0.0260320514856481,0.0841502899325739,25.545454545454547
clean_alpha_resid_style,barra_lite_optimizer,test,industry_size_k10_style0.2_turn0.02,0.4447463584258666,0.199118647502516,-0.1835868849961311,-0.0953383709341963,-0.0275468786051142,0.0837274145874701,25.696969696969692
clean_alpha_resid_style,barra_lite_optimizer,test,industry_size_k20_style0_turn0,0.4699448533250936,0.2318874957429846,-0.1507550862939964,-0.0786843021342492,-0.01433572267796,0.1360748635393712,47.34848484848485
clean_alpha_resid_style,barra_lite_optimizer,test,industry_size_k20_style0_turn0.02,0.4672001710442353,0.2317830811182211,-0.1507635184076059,-0.0808832446372259,-0.0164797472563393,0.1306239112989266,46.09090909090909
clean_alpha_resid_style,barra_lite_optimizer,test,industry_size_k20_style0.05_turn0,0.4426959960401411,0.2228325211444775,-0.1550030164138326,-0.0958046880032845,-0.0329380378535587,0.1285206553999018,46.75757575757576
clean_alpha_resid_style,barra_lite_optimizer,test,industry_size_k20_style0.05_turn0.02,0.4232511847608153,0.2161151099175886,-0.1547465457781011,-0.1082624475125656,-0.046108854671758,0.1221253786530316,46.10606060606061
clean_alpha_resid_style,barra_lite_optimizer,test,industry_size_k20_style0.1_turn0,0.4152563503602373,0.2131284777667453,-0.1544272555005015,-0.113381549789809,-0.0515133320261769,0.1236558724965054,47.0
clean_alpha_resid_style,barra_lite_optimizer,test,industry_size_k20_style0.1_turn0.02,0.3975967745238553,0.2052561240509177,-0.1542115416291681,-0.1243551935094006,-0.0632174781039695,0.1184281030255254,45.92424242424242
clean_alpha_resid_style,barra_lite_optimizer,test,industry_size_k20_style0.2_turn0,0.385667479964066,0.2012142932726001,-0.1524716696685603,-0.1331813115142167,-0.0718171474265324,0.1233300230005429,46.03030303030303
clean_alpha_resid_style,barra_lite_optimizer,test,industry_size_k20_style0.2_turn0.02,0.3752131248835162,0.197078947766474,-0.1525166859942924,-0.1397823127557228,-0.0789203271541491,0.1174794555427069,44.53030303030303
clean_alpha_resid_style,barra_lite_optimizer,test,industry_size_k30_style0_turn0,0.3786286671852472,0.1997064899369067,-0.1699270582793475,-0.135784878825968,-0.0761518171398297,0.1665442029953452,63.57575757575758
clean_alpha_resid_style,barra_lite_optimizer,test,industry_size_k30_style0_turn0.02,0.3823419139379473,0.1993454999087267,-0.1686878712712932,-0.1331236297686122,-0.0729025124481553,0.1593674128205774,62.13636363636363
clean_alpha_resid_style,barra_lite_optimizer,test,industry_size_k30_style0.05_turn0,0.3695045475819063,0.1940058158489368,-0.166842725424381,-0.1409856734284263,-0.0813793670556224,0.1612209411862406,63.59090909090909
clean_alpha_resid_style,barra_lite_optimizer,test,industry_size_k30_style0.05_turn0.02,0.3683034896242856,0.1931476970192301,-0.1670892156036983,-0.1418712139838979,-0.0821199199825708,0.1548084718398848,62.77272727272727
clean_alpha_resid_style,barra_lite_optimizer,test,industry_size_k30_style0.1_turn0,0.3550734241242237,0.1881199897682653,-0.1807330291107272,-0.1495633965219143,-0.0906648107912614,0.1598382209913489,62.25757575757576
clean_alpha_resid_style,barra_lite_optimizer,test,industry_size_k30_style0.1_turn0.02,0.3507368397623043,0.1870912696334985,-0.1790864569736986,-0.1525644389729658,-0.0939332885863823,0.1532345110988328,61.39393939393939
clean_alpha_resid_style,barra_lite_optimizer,test,industry_size_k30_style0.2_turn0,0.3834668506171763,0.1947961871487379,-0.1964666432835081,-0.1299439215244513,-0.0694803510180449,0.1527931571128852,61.196969696969695
clean_alpha_resid_style,barra_lite_optimizer,test,industry_size_k30_style0.2_turn0.02,0.3784079551026711,0.1938096429208774,-0.1960383875796875,-0.133503710442403,-0.0732049532833203,0.1495606960690446,60.5
clean_alpha_resid_style,barra_lite_optimizer,test,industry_size_liquidity_vol_mom_k10_style0_turn0,0.4617588379571387,0.2035337426856876,-0.1839820624162542,-0.0841912895718641,-0.0158497047579888,0.0863808696762258,25.772727272727277
clean_alpha_resid_style,barra_lite_optimizer,test,industry_size_liquidity_vol_mom_k10_style0_turn0.02,0.4618878135262518,0.2035693208369451,-0.1839820624162542,-0.0841205267667281,-0.0157559200348276,0.0863998652922477,26.10606060606061
clean_alpha_resid_style,barra_lite_optimizer,test,industry_size_liquidity_vol_mom_k10_style0.05_turn0,0.452002997245772,0.2013141770249401,-0.1839821584073128,-0.0908321358457835,-0.0226446935572623,0.0844998539038618,26.01515151515152
clean_alpha_resid_style,barra_lite_optimizer,test,industry_size_liquidity_vol_mom_k10_style0.05_turn0.02,0.4485217267371404,0.2000701430980042,-0.1839436854846234,-0.0929929743800618,-0.024941366668693,0.0848126008543258,26.03030303030303
clean_alpha_resid_style,barra_lite_optimizer,test,industry_size_liquidity_vol_mom_k10_style0.1_turn0,0.4516279372991887,0.2013873220515939,-0.1831050513670274,-0.0910903613134974,-0.0229465081791759,0.084254531931873,26.07575757575757
clean_alpha_resid_style,barra_lite_optimizer,test,industry_size_liquidity_vol_mom_k10_style0.1_turn0.02,0.4499430799177297,0.2008520464170714,-0.1831058455816121,-0.0921993734670858,-0.0241103717437111,0.0843578245784528,26.060606060606062
clean_alpha_resid_style,barra_lite_optimizer,test,industry_size_liquidity_vol_mom_k10_style0.2_turn0,0.4567998643716988,0.2028438849910748,-0.1822604312038298,-0.087784965266497,-0.0194089550307707,0.0815414330889681,25.96969696969697
clean_alpha_resid_style,barra_lite_optimizer,test,industry_size_liquidity_vol_mom_k10_style0.2_turn0.02,0.4526797757813752,0.2015098993925626,-0.182176251726213,-0.090437428791699,-0.0222247759027995,0.0815136019956485,26.63636363636364
clean_alpha_resid_style,barra_lite_optimizer,test,industry_size_liquidity_vol_mom_k20_style0_turn0,0.4699448533250936,0.2318874957429846,-0.1507550862939964,-0.0786843021342492,-0.01433572267796,0.1360748635393712,47.34848484848485
clean_alpha_resid_style,barra_lite_optimizer,test,industry_size_liquidity_vol_mom_k20_style0_turn0.02,0.4672001710442353,0.2317830811182211,-0.1507635184076059,-0.0808832446372259,-0.0164797472563393,0.1306239112989266,46.09090909090909
clean_alpha_resid_style,barra_lite_optimizer,test,industry_size_liquidity_vol_mom_k20_style0.05_turn0,0.4130028269381933,0.2137318605853499,-0.1556685725832387,-0.1153892972819091,-0.0534144404698748,0.1285868863926636,46.60606060606061
clean_alpha_resid_style,barra_lite_optimizer,test,industry_size_liquidity_vol_mom_k20_style0.05_turn0.02,0.3827333020039745,0.2011114405875624,-0.1548846413356086,-0.1347893931299879,-0.0738383919615148,0.1252760067371485,46.24242424242424
clean_alpha_resid_style,barra_lite_optimizer,test,industry_size_liquidity_vol_mom_k20_style0.1_turn0,0.4230866527347985,0.2179046524742255,-0.1528511642988136,-0.1096881151059385,-0.0468114611936059,0.1260192077938892,46.71212121212121
clean_alpha_resid_style,barra_lite_optimizer,test,industry_size_liquidity_vol_mom_k20_style0.1_turn0.02,0.3925695955622539,0.2052462023318986,-0.1556233489551098,-0.1292065405796543,-0.0673078882204265,0.120468172063573,45.57575757575758
clean_alpha_resid_style,barra_lite_optimizer,test,industry_size_liquidity_vol_mom_k20_style0.2_turn0,0.3749697718186235,0.1974367600788388,-0.1510859461471386,-0.1403412982287546,-0.0792478518652156,0.1232351906860257,46.51515151515152
clean_alpha_resid_style,barra_lite_optimizer,test,industry_size_liquidity_vol_mom_k20_style0.2_turn0.02,0.3607748966205153,0.1908306876370742,-0.1543885763536655,-0.14924238346063,-0.0884887893405733,0.1186274951779398,45.43939393939394
clean_alpha_resid_style,barra_lite_optimizer,test,industry_size_liquidity_vol_mom_k30_style0_turn0,0.3786286671852472,0.1997064899369067,-0.1699270582793475,-0.135784878825968,-0.0761518171398297,0.1665442029953452,63.57575757575758
clean_alpha_resid_style,barra_lite_optimizer,test,industry_size_liquidity_vol_mom_k30_style0_turn0.02,0.3823419139379473,0.1993454999087267,-0.1686878712712932,-0.1331236297686122,-0.0729025124481553,0.1593674128205774,62.13636363636363
clean_alpha_resid_style,barra_lite_optimizer,test,industry_size_liquidity_vol_mom_k30_style0.05_turn0,0.3552231517412112,0.196068071024174,-0.1611172477523818,-0.1526610908656106,-0.0934098288726601,0.1648932587242929,63.39393939393939
clean_alpha_resid_style,barra_lite_optimizer,test,industry_size_liquidity_vol_mom_k30_style0.05_turn0.02,0.3338644825563519,0.1885947562347192,-0.1592158413817745,-0.1660585718384721,-0.1083312034828954,0.1507739571963159,61.53030303030303
clean_alpha_resid_style,barra_lite_optimizer,test,industry_size_liquidity_vol_mom_k30_style0.1_turn0,0.3367634525226344,0.1878270162385846,-0.1613444051810911,-0.1640990762069001,-0.1059724774699445,0.1536883881973714,62.07575757575758
clean_alpha_resid_style,barra_lite_optimizer,test,industry_size_liquidity_vol_mom_k30_style0.1_turn0.02,0.3473006039239492,0.1932682182433132,-0.1603171805765393,-0.1578718161380607,-0.0990122389983491,0.1500967919708485,61.80303030303031
clean_alpha_resid_style,barra_lite_optimizer,test,industry_size_liquidity_vol_mom_k30_style0.2_turn0,0.3077525315098446,0.171713405362183,-0.1679810471604622,-0.1817794373505171,-0.1242003292300534,0.1456635404870235,61.121212121212125
clean_alpha_resid_style,barra_lite_optimizer,test,industry_size_liquidity_vol_mom_k30_style0.2_turn0.02,0.2996521361306414,0.1685629886360797,-0.1675116887387869,-0.1872117119027552,-0.1299054906029405,0.1416827155650732,60.10606060606061
clean_alpha_resid_style,barra_lite_optimizer,test,none_k10_style0_turn0,0.4617588379571387,0.2035337426856876,-0.1839820624162542,-0.0841912895718641,-0.0158497047579888,0.0863808696762258,25.772727272727277
clean_alpha_resid_style,barra_lite_optimizer,test,none_k10_style0_turn0.02,0.4618878135262518,0.2035693208369451,-0.1839820624162542,-0.0841205267667281,-0.0157559200348276,0.0863998652922477,26.10606060606061
clean_alpha_resid_style,barra_lite_optimizer,test,none_k10_style0.05_turn0,0.4617588379571387,0.2035337426856876,-0.1839820624162542,-0.0841912895718641,-0.0158497047579888,0.0863808696762258,25.772727272727277
clean_alpha_resid_style,barra_lite_optimizer,test,none_k10_style0.05_turn0.02,0.4618878135262518,0.2035693208369451,-0.1839820624162542,-0.0841205267667281,-0.0157559200348276,0.0863998652922477,26.10606060606061
clean_alpha_resid_style,barra_lite_optimizer,test,none_k10_style0.1_turn0,0.4617588379571387,0.2035337426856876,-0.1839820624162542,-0.0841912895718641,-0.0158497047579888,0.0863808696762258,25.772727272727277
clean_alpha_resid_style,barra_lite_optimizer,test,none_k10_style0.1_turn0.02,0.4618878135262518,0.2035693208369451,-0.1839820624162542,-0.0841205267667281,-0.0157559200348276,0.0863998652922477,26.10606060606061
clean_alpha_resid_style,barra_lite_optimizer,test,none_k10_style0.2_turn0,0.4617588379571387,0.2035337426856876,-0.1839820624162542,-0.0841912895718641,-0.0158497047579888,0.0863808696762258,25.772727272727277
clean_alpha_resid_style,barra_lite_optimizer,test,none_k10_style0.2_turn0.02,0.4618878135262518,0.2035693208369451,-0.1839820624162542,-0.0841205267667281,-0.0157559200348276,0.0863998652922477,26.10606060606061
clean_alpha_resid_style,barra_lite_optimizer,test,none_k20_style0_turn0,0.4699448533250936,0.2318874957429846,-0.1507550862939964,-0.0786843021342492,-0.01433572267796,0.1360748635393712,47.34848484848485
clean_alpha_resid_style,barra_lite_optimizer,test,none_k20_style0_turn0.02,0.4672001710442353,0.2317830811182211,-0.1507635184076059,-0.0808832446372259,-0.0164797472563393,0.1306239112989266,46.09090909090909
clean_alpha_resid_style,barra_lite_optimizer,test,none_k20_style0.05_turn0,0.4699448533250936,0.2318874957429846,-0.1507550862939964,-0.0786843021342492,-0.01433572267796,0.1360748635393712,47.34848484848485
clean_alpha_resid_style,barra_lite_optimizer,test,none_k20_style0.05_turn0.02,0.4672001710442353,0.2317830811182211,-0.1507635184076059,-0.0808832446372259,-0.0164797472563393,0.1306239112989266,46.09090909090909
clean_alpha_resid_style,barra_lite_optimizer,test,none_k20_style0.1_turn0,0.4699448533250936,0.2318874957429846,-0.1507550862939964,-0.0786843021342492,-0.01433572267796,0.1360748635393712,47.34848484848485
clean_alpha_resid_style,barra_lite_optimizer,test,none_k20_style0.1_turn0.02,0.4672001710442353,0.2317830811182211,-0.1507635184076059,-0.0808832446372259,-0.0164797472563393,0.1306239112989266,46.09090909090909
clean_alpha_resid_style,barra_lite_optimizer,test,none_k20_style0.2_turn0,0.4699448533250936,0.2318874957429846,-0.1507550862939964,-0.0786843021342492,-0.01433572267796,0.1360748635393712,47.34848484848485
clean_alpha_resid_style,barra_lite_optimizer,test,none_k20_style0.2_turn0.02,0.4672001710442353,0.2317830811182211,-0.1507635184076059,-0.0808832446372259,-0.0164797472563393,0.1306239112989266,46.09090909090909
clean_alpha_resid_style,barra_lite_optimizer,test,none_k30_style0_turn0,0.3786286671852472,0.1997064899369067,-0.1699270582793475,-0.135784878825968,-0.0761518171398297,0.1665442029953452,63.57575757575758
clean_alpha_resid_style,barra_lite_optimizer,test,none_k30_style0_turn0.02,0.3823419139379473,0.1993454999087267,-0.1686878712712932,-0.1331236297686122,-0.0729025124481553,0.1593674128205774,62.13636363636363
clean_alpha_resid_style,barra_lite_optimizer,test,none_k30_style0.05_turn0,0.3786286671852472,0.1997064899369067,-0.1699270582793475,-0.135784878825968,-0.0761518171398297,0.1665442029953452,63.57575757575758
clean_alpha_resid_style,barra_lite_optimizer,test,none_k30_style0.05_turn0.02,0.3823419139379473,0.1993454999087267,-0.1686878712712932,-0.1331236297686122,-0.0729025124481553,0.1593674128205774,62.13636363636363
clean_alpha_resid_style,barra_lite_optimizer,test,none_k30_style0.1_turn0,0.3786286671852472,0.1997064899369067,-0.1699270582793475,-0.135784878825968,-0.0761518171398297,0.1665442029953452,63.57575757575758
clean_alpha_resid_style,barra_lite_optimizer,test,none_k30_style0.1_turn0.02,0.3823419139379473,0.1993454999087267,-0.1686878712712932,-0.1331236297686122,-0.0729025124481553,0.1593674128205774,62.13636363636363
clean_alpha_resid_style,barra_lite_optimizer,test,none_k30_style0.2_turn0,0.3786286671852472,0.1997064899369067,-0.1699270582793475,-0.135784878825968,-0.0761518171398297,0.1665442029953452,63.57575757575758
clean_alpha_resid_style,barra_lite_optimizer,test,none_k30_style0.2_turn0.02,0.3823419139379473,0.1993454999087267,-0.1686878712712932,-0.1331236297686122,-0.0729025124481553,0.1593674128205774,62.13636363636363
clean_alpha_resid_style,barra_lite_optimizer,validation,industry_proxy_k10_style0_turn0,-0.063577247370953,-0.0052431894261884,-0.3959991021146317,-0.0662588185870205,0.0010958491100354,0.0376188926606878,26.288659793814432
clean_alpha_resid_style,barra_lite_optimizer,validation,industry_proxy_k10_style0_turn0.02,-0.0636675424206302,-0.0052735802642305,-0.3955610962633676,-0.0663252980857763,0.0010235132316902,0.0373843192913568,26.53608247422681
clean_alpha_resid_style,barra_lite_optimizer,validation,industry_proxy_k10_style0.05_turn0,-0.0634902540525882,-0.005198309785811,-0.3956978801507136,-0.0661611038553131,0.0011978998065265,0.0376116075608731,26.24742268041237
clean_alpha_resid_style,barra_lite_optimizer,validation,industry_proxy_k10_style0.05_turn0.02,-0.0632034174363272,-0.0050265620808008,-0.3958672958353045,-0.0657697385518466,0.0016165731411934,0.0375734389297166,26.51546391752577
clean_alpha_resid_style,barra_lite_optimizer,validation,industry_proxy_k10_style0.1_turn0,-0.0638254391660017,-0.0053216424474635,-0.3956838607536623,-0.066428314528711,0.0009076484001233,0.0377141400418733,26.309278350515463
clean_alpha_resid_style,barra_lite_optimizer,validation,industry_proxy_k10_style0.1_turn0.02,-0.0641012676244069,-0.0054594445299463,-0.3957917835773529,-0.0667287731742437,0.0005898598702887,0.0376403251660546,26.567010309278352
clean_alpha_resid_style,barra_lite_optimizer,validation,industry_proxy_k10_style0.2_turn0,-0.0643804000721889,-0.0056184659578917,-0.3958026033830512,-0.0670416876388386,0.0002459773598364,0.0381260268892308,26.649484536082475
clean_alpha_resid_style,barra_lite_optimizer,validation,industry_proxy_k10_style0.2_turn0.02,-0.0641411909906667,-0.0055123457735344,-0.395504311857248,-0.0668017307623783,0.0005054131981518,0.0380030194407297,26.608247422680414
clean_alpha_resid_style,barra_lite_optimizer,validation,industry_proxy_k20_style0_turn0,-0.0390454847761833,0.0048799140007932,-0.3672146054567032,-0.0392561720273748,0.0306271856772528,0.0631497681759296,49.64948453608248
clean_alpha_resid_style,barra_lite_optimizer,validation,industry_proxy_k20_style0_turn0.02,-0.0397613805696439,0.0045350765026807,-0.3683037654551664,-0.0398978819119077,0.0300296295098749,0.0619177319846363,48.98969072164948
clean_alpha_resid_style,barra_lite_optimizer,validation,industry_proxy_k20_style0.05_turn0,-0.0649897619143509,-0.0076784875110584,-0.3861953238103137,-0.0659866014854906,0.0017453222857142,0.062649400648592,49.49484536082474
clean_alpha_resid_style,barra_lite_optimizer,validation,industry_proxy_k20_style0.05_turn0.02,-0.0608328805008606,-0.0055531126716953,-0.3815577296098603,-0.0613936477655314,0.006757264310629,0.0607751213052082,47.69072164948454
clean_alpha_resid_style,barra_lite_optimizer,validation,industry_proxy_k20_style0.1_turn0,-0.0732257025132809,-0.0106515770277557,-0.397220925025911,-0.0720842126803362,-0.0048471239437702,0.0618949762953038,47.44329896907217
clean_alpha_resid_style,barra_lite_optimizer,validation,industry_proxy_k20_style0.1_turn0.02,-0.068872098026532,-0.0086116094986893,-0.3922116742610702,-0.0675006612467065,0.0001509805832671,0.0603605064593264,46.8041237113402
clean_alpha_resid_style,barra_lite_optimizer,validation,industry_proxy_k20_style0.2_turn0,-0.1005977259913781,-0.0226840912681638,-0.4165105455596749,-0.0975372212148395,-0.0322622937719624,0.0638773253934013,47.65979381443299
clean_alpha_resid_style,barra_lite_optimizer,validation,industry_proxy_k20_style0.2_turn0.02,-0.0985134876689862,-0.021600479625474,-0.4136093833001422,-0.0952685241813035,-0.0297118046882541,0.0621902412630337,46.96907216494845
clean_alpha_resid_style,barra_lite_optimizer,validation,industry_proxy_k30_style0_turn0,-0.0863959180904804,-0.0171455567287284,-0.417717449285129,-0.0843651938678221,-0.0176607483984584,0.081430965442963,65.08247422680412
clean_alpha_resid_style,barra_lite_optimizer,validation,industry_proxy_k30_style0_turn0.02,-0.0881266109137214,-0.0184853834931644,-0.4182973833475915,-0.0868938131697056,-0.0203263760649071,0.0776655836164494,64.10309278350516
clean_alpha_resid_style,barra_lite_optimizer,validation,industry_proxy_k30_style0.05_turn0,-0.101642365763771,-0.02347520269297,-0.429059313101692,-0.0984991512568745,-0.0327476508665379,0.0796545940523118,65.12371134020619
clean_alpha_resid_style,barra_lite_optimizer,validation,industry_proxy_k30_style0.05_turn0.02,-0.1003728678213801,-0.0238020756490987,-0.428233394278173,-0.0984967962148164,-0.0326788418265827,0.0774114005647571,64.26804123711341
clean_alpha_resid_style,barra_lite_optimizer,validation,industry_proxy_k30_style0.1_turn0,-0.1095237851868,-0.026537416913563,-0.4360980638241261,-0.1055790096338192,-0.0403332456131586,0.0790655940807252,64.5360824742268
clean_alpha_resid_style,barra_lite_optimizer,validation,industry_proxy_k30_style0.1_turn0.02,-0.1063203693901854,-0.0251734911368939,-0.4367783611400541,-0.1025871168587364,-0.0370136241964803,0.0773583634770996,63.876288659793815
clean_alpha_resid_style,barra_lite_optimizer,validation,industry_proxy_k30_style0.2_turn0,-0.1040187741289007,-0.0238593185653198,-0.4351307361939792,-0.1000671190816664,-0.0342202954410507,0.0779614375217289,64.31958762886597
clean_alpha_resid_style,barra_lite_optimizer,validation,industry_proxy_k30_style0.2_turn0.02,-0.1032104595828571,-0.0236215852145922,-0.4331279937720829,-0.0994449082178586,-0.0335296482821647,0.0759940294622965,62.56701030927835
clean_alpha_resid_style,barra_lite_optimizer,validation,industry_size_k10_style0_turn0,-0.063577247370953,-0.0052431894261884,-0.3959991021146317,-0.0662588185870205,0.0010958491100354,0.0376188926606878,26.288659793814432
clean_alpha_resid_style,barra_lite_optimizer,validation,industry_size_k10_style0_turn0.02,-0.0636675424206302,-0.0052735802642305,-0.3955610962633676,-0.0663252980857763,0.0010235132316902,0.0373843192913568,26.53608247422681
clean_alpha_resid_style,barra_lite_optimizer,validation,industry_size_k10_style0.05_turn0,-0.0639058640497656,-0.0053894190541272,-0.395762343638337,-0.0665820081529275,0.0007469993678208,0.0373461240319231,26.216494845360824
clean_alpha_resid_style,barra_lite_optimizer,validation,industry_size_k10_style0.05_turn0.02,-0.0632904980383374,-0.0050714831041018,-0.3954753570911319,-0.065864141084294,0.0015162877032282,0.0373117170985267,26.144329896907216
clean_alpha_resid_style,barra_lite_optimizer,validation,industry_size_k10_style0.1_turn0,-0.0629448775778865,-0.0049628959843971,-0.3944344878634188,-0.065650142163916,0.0017521971525518,0.0372880492585852,26.2680412371134
clean_alpha_resid_style,barra_lite_optimizer,validation,industry_size_k10_style0.1_turn0.02,-0.0632980493537137,-0.005064188436668,-0.3949634574149833,-0.0658621402493349,0.0015283426688335,0.0370253626352926,26.123711340206185
clean_alpha_resid_style,barra_lite_optimizer,validation,industry_size_k10_style0.2_turn0,-0.0645284775370008,-0.0056227182422664,-0.3913216188583613,-0.0666582541864875,0.0005170235309044,0.0372621197013333,26.762886597938145
clean_alpha_resid_style,barra_lite_optimizer,validation,industry_size_k10_style0.2_turn0.02,-0.0639183432042864,-0.0053387512092504,-0.3907078385661928,-0.0659882513858832,0.0012315035881784,0.0370627897349255,26.670103092783503
clean_alpha_resid_style,barra_lite_optimizer,validation,industry_size_k20_style0_turn0,-0.0390454847761833,0.0048799140007932,-0.3672146054567032,-0.0392561720273748,0.0306271856772528,0.0631497681759296,49.64948453608248
clean_alpha_resid_style,barra_lite_optimizer,validation,industry_size_k20_style0_turn0.02,-0.0397613805696439,0.0045350765026807,-0.3683037654551664,-0.0398978819119077,0.0300296295098749,0.0619177319846363,48.98969072164948
clean_alpha_resid_style,barra_lite_optimizer,validation,industry_size_k20_style0.05_turn0,-0.0613141174990879,-0.0061946395071394,-0.382859439004692,-0.0629270386843805,0.0051030957217519,0.0592144323506109,48.855670103092784
clean_alpha_resid_style,barra_lite_optimizer,validation,industry_size_k20_style0.05_turn0.02,-0.0584319532977117,-0.004689584038135,-0.3802235348976917,-0.0595381420551783,0.0088388274085935,0.0578460447390466,47.91752577319588
clean_alpha_resid_style,barra_lite_optimizer,validation,industry_size_k20_style0.1_turn0,-0.0584189058271736,-0.004822706537398,-0.3809644121779807,-0.0598395001959751,0.0084827819377242,0.0593197153444106,46.71134020618557
clean_alpha_resid_style,barra_lite_optimizer,validation,industry_size_k20_style0.1_turn0.02,-0.056247515641697,-0.0036945417976125,-0.3761292648196354,-0.0573557240268497,0.0111750681442837,0.0578994976877043,46.144329896907216
clean_alpha_resid_style,barra_lite_optimizer,validation,industry_size_k20_style0.2_turn0,-0.1021229827864036,-0.0223332791215034,-0.4372188066408282,-0.09798295376054,-0.0314685522315174,0.0575904298781647,46.56701030927835
clean_alpha_resid_style,barra_lite_optimizer,validation,industry_size_k20_style0.2_turn0.02,-0.0976583473077307,-0.0203538956548119,-0.4315428468269299,-0.093583136747569,-0.0267490113616573,0.0562924871425585,45.88659793814433
clean_alpha_resid_style,barra_lite_optimizer,validation,industry_size_k30_style0_turn0,-0.0863959180904804,-0.0171455567287284,-0.417717449285129,-0.0843651938678221,-0.0176607483984584,0.081430965442963,65.08247422680412
clean_alpha_resid_style,barra_lite_optimizer,validation,industry_size_k30_style0_turn0.02,-0.0881266109137214,-0.0184853834931644,-0.4182973833475915,-0.0868938131697056,-0.0203263760649071,0.0776655836164494,64.10309278350516
clean_alpha_resid_style,barra_lite_optimizer,validation,industry_size_k30_style0.05_turn0,-0.049703620137995,-0.0006118490348078,-0.3796165779824869,-0.0491265071811043,0.0208316060295661,0.0770558557603217,64.87628865979381
clean_alpha_resid_style,barra_lite_optimizer,validation,industry_size_k30_style0.05_turn0.02,-0.0485177408108306,-0.0001644296007132,-0.3799815452146864,-0.0481465052499523,0.0218964986039236,0.0753468622933817,64.3298969072165
clean_alpha_resid_style,barra_lite_optimizer,validation,industry_size_k30_style0.1_turn0,-0.078893514780224,-0.014150517319558,-0.4161918430104692,-0.0780876163111816,-0.0102701654513325,0.0751342520726087,64.74226804123711
clean_alpha_resid_style,barra_lite_optimizer,validation,industry_size_k30_style0.1_turn0.02,-0.076448502537593,-0.0129512527306143,-0.4147953663423254,-0.0755698513181741,-0.0075086060119554,0.0725455141718063,64.08247422680412
clean_alpha_resid_style,barra_lite_optimizer,validation,industry_size_k30_style0.2_turn0,-0.0747646839307373,-0.0120545579004282,-0.4121685332594537,-0.0737910741031334,-0.0055165548927349,0.0733041875595515,60.81443298969072
clean_alpha_resid_style,barra_lite_optimizer,validation,industry_size_k30_style0.2_turn0.02,-0.0738498469675847,-0.0115924039122083,-0.4119772736905182,-0.0728450652728092,-0.004403361134069,0.0717304314096541,60.21649484536083
clean_alpha_resid_style,barra_lite_optimizer,validation,industry_size_liquidity_vol_mom_k10_style0_turn0,-0.063577247370953,-0.0052431894261884,-0.3959991021146317,-0.0662588185870205,0.0010958491100354,0.0376188926606878,26.288659793814432
clean_alpha_resid_style,barra_lite_optimizer,validation,industry_size_liquidity_vol_mom_k10_style0_turn0.02,-0.0636675424206302,-0.0052735802642305,-0.3955610962633676,-0.0663252980857763,0.0010235132316902,0.0373843192913568,26.53608247422681
clean_alpha_resid_style,barra_lite_optimizer,validation,industry_size_liquidity_vol_mom_k10_style0.05_turn0,-0.0627473684796429,-0.0048784478936342,-0.3948824171165034,-0.0654919759370374,0.0019155344831829,0.0373027376673819,26.24742268041237
clean_alpha_resid_style,barra_lite_optimizer,validation,industry_size_liquidity_vol_mom_k10_style0.05_turn0.02,-0.0632676760105901,-0.0050452957294888,-0.3954313777457188,-0.0658297002368442,0.0015619452010755,0.0371283759437625,26.52577319587629
clean_alpha_resid_style,barra_lite_optimizer,validation,industry_size_liquidity_vol_mom_k10_style0.1_turn0,-0.063366155011897,-0.0051291873362677,-0.3956339319439369,-0.0660248327359301,0.0013475887683336,0.0371258430234046,26.31958762886598
clean_alpha_resid_style,barra_lite_optimizer,validation,industry_size_liquidity_vol_mom_k10_style0.1_turn0.02,-0.0632308883944084,-0.0050526438605917,-0.3954574301260356,-0.0658625213193154,0.0015204994036139,0.0370469809299478,26.577319587628867
clean_alpha_resid_style,barra_lite_optimizer,validation,industry_size_liquidity_vol_mom_k10_style0.2_turn0,-0.063593980448694,-0.0053240178589538,-0.3890347874621073,-0.0659334402748125,0.0012752460734224,0.0364124701645436,26.49484536082474
clean_alpha_resid_style,barra_lite_optimizer,validation,industry_size_liquidity_vol_mom_k10_style0.2_turn0.02,-0.0634736514748096,-0.0052456735880504,-0.3887874784480344,-0.065768525224237,0.0014621566949113,0.0362820381361007,26.721649484536083
clean_alpha_resid_style,barra_lite_optimizer,validation,industry_size_liquidity_vol_mom_k20_style0_turn0,-0.0390454847761833,0.0048799140007932,-0.3672146054567032,-0.0392561720273748,0.0306271856772528,0.0631497681759296,49.64948453608248
clean_alpha_resid_style,barra_lite_optimizer,validation,industry_size_liquidity_vol_mom_k20_style0_turn0.02,-0.0397613805696439,0.0045350765026807,-0.3683037654551664,-0.0398978819119077,0.0300296295098749,0.0619177319846363,48.98969072164948
clean_alpha_resid_style,barra_lite_optimizer,validation,industry_size_liquidity_vol_mom_k20_style0.05_turn0,-0.0506618505523428,-0.0003872269950514,-0.3776700927225402,-0.0509318732838317,0.0183202102837047,0.0594560512279047,49.175257731958766
clean_alpha_resid_style,barra_lite_optimizer,validation,industry_size_liquidity_vol_mom_k20_style0.05_turn0.02,-0.0496955595998469,9.945558609136513e-05,-0.3770279029234602,-0.0497075311794842,0.019673087903089,0.0577629715194232,49.0
clean_alpha_resid_style,barra_lite_optimizer,validation,industry_size_liquidity_vol_mom_k20_style0.1_turn0,-0.065171171869489,-0.0078892690382638,-0.3838163802914655,-0.0666410039691896,0.0011230077110295,0.0574397974616014,47.98969072164948
clean_alpha_resid_style,barra_lite_optimizer,validation,industry_size_liquidity_vol_mom_k20_style0.1_turn0.02,-0.0583879627801464,-0.0049196652088096,-0.3755849605232955,-0.0600901427021536,0.008261337373054,0.0564920576063067,47.824742268041234
clean_alpha_resid_style,barra_lite_optimizer,validation,industry_size_liquidity_vol_mom_k20_style0.2_turn0,-0.0767768905753226,-0.0128252145815416,-0.3983088273326991,-0.0765674650356068,-0.0094208206061344,0.0559605396678575,46.41237113402062
clean_alpha_resid_style,barra_lite_optimizer,validation,industry_size_liquidity_vol_mom_k20_style0.2_turn0.02,-0.0743314484954396,-0.0118305849895728,-0.3946908223461077,-0.0743384500121544,-0.0069838543055897,0.054548618250171,46.28865979381443
clean_alpha_resid_style,barra_lite_optimizer,validation,industry_size_liquidity_vol_mom_k30_style0_turn0,-0.0863959180904804,-0.0171455567287284,-0.417717449285129,-0.0843651938678221,-0.0176607483984584,0.081430965442963,65.08247422680412
clean_alpha_resid_style,barra_lite_optimizer,validation,industry_size_liquidity_vol_mom_k30_style0_turn0.02,-0.0881266109137214,-0.0184853834931644,-0.4182973833475915,-0.0868938131697056,-0.0203263760649071,0.0776655836164494,64.10309278350516
clean_alpha_resid_style,barra_lite_optimizer,validation,industry_size_liquidity_vol_mom_k30_style0.05_turn0,-0.0583703308391266,-0.0047697669661734,-0.3873859779973401,-0.0581774182517788,0.0111325099962535,0.0755630556853539,64.87628865979381
clean_alpha_resid_style,barra_lite_optimizer,validation,industry_size_liquidity_vol_mom_k30_style0.05_turn0.02,-0.0556994282849299,-0.0036769131379377,-0.3860994090846474,-0.0558233096253852,0.0137122091133661,0.0745435945108811,64.23711340206185
clean_alpha_resid_style,barra_lite_optimizer,validation,industry_size_liquidity_vol_mom_k30_style0.1_turn0,-0.0656242533509794,-0.0079512769425056,-0.3941656786805331,-0.0650313446469592,0.003680557923722,0.0730641358008088,64.4639175257732
clean_alpha_resid_style,barra_lite_optimizer,validation,industry_size_liquidity_vol_mom_k30_style0.1_turn0.02,-0.0646677144130202,-0.0076541417683492,-0.3929149922858923,-0.0643373816395445,0.0044376884732655,0.0721116745782691,64.01030927835052
clean_alpha_resid_style,barra_lite_optimizer,validation,industry_size_liquidity_vol_mom_k30_style0.2_turn0,-0.0756613697076928,-0.0118802430640315,-0.4086735931674334,-0.0737344347178856,-0.0055576603780315,0.0688800883666651,63.329896907216494
clean_alpha_resid_style,barra_lite_optimizer,validation,industry_size_liquidity_vol_mom_k30_style0.2_turn0.02,-0.0768102671657952,-0.0123397836553413,-0.411720040421657,-0.0747438041557005,-0.0066396625056442,0.0674093772942014,62.597938144329895
clean_alpha_resid_style,barra_lite_optimizer,validation,none_k10_style0_turn0,-0.063577247370953,-0.0052431894261884,-0.3959991021146317,-0.0662588185870205,0.0010958491100354,0.0376188926606878,26.288659793814432
clean_alpha_resid_style,barra_lite_optimizer,validation,none_k10_style0_turn0.02,-0.0636675424206302,-0.0052735802642305,-0.3955610962633676,-0.0663252980857763,0.0010235132316902,0.0373843192913568,26.53608247422681
clean_alpha_resid_style,barra_lite_optimizer,validation,none_k10_style0.05_turn0,-0.063577247370953,-0.0052431894261884,-0.3959991021146317,-0.0662588185870205,0.0010958491100354,0.0376188926606878,26.288659793814432
clean_alpha_resid_style,barra_lite_optimizer,validation,none_k10_style0.05_turn0.02,-0.0636675424206302,-0.0052735802642305,-0.3955610962633676,-0.0663252980857763,0.0010235132316902,0.0373843192913568,26.53608247422681
clean_alpha_resid_style,barra_lite_optimizer,validation,none_k10_style0.1_turn0,-0.063577247370953,-0.0052431894261884,-0.3959991021146317,-0.0662588185870205,0.0010958491100354,0.0376188926606878,26.288659793814432
clean_alpha_resid_style,barra_lite_optimizer,validation,none_k10_style0.1_turn0.02,-0.0636675424206302,-0.0052735802642305,-0.3955610962633676,-0.0663252980857763,0.0010235132316902,0.0373843192913568,26.53608247422681
clean_alpha_resid_style,barra_lite_optimizer,validation,none_k10_style0.2_turn0,-0.063577247370953,-0.0052431894261884,-0.3959991021146317,-0.0662588185870205,0.0010958491100354,0.0376188926606878,26.288659793814432
clean_alpha_resid_style,barra_lite_optimizer,validation,none_k10_style0.2_turn0.02,-0.0636675424206302,-0.0052735802642305,-0.3955610962633676,-0.0663252980857763,0.0010235132316902,0.0373843192913568,26.53608247422681
clean_alpha_resid_style,barra_lite_optimizer,validation,none_k20_style0_turn0,-0.0390454847761833,0.0048799140007932,-0.3672146054567032,-0.0392561720273748,0.0306271856772528,0.0631497681759296,49.64948453608248
clean_alpha_resid_style,barra_lite_optimizer,validation,none_k20_style0_turn0.02,-0.0397613805696439,0.0045350765026807,-0.3683037654551664,-0.0398978819119077,0.0300296295098749,0.0619177319846363,48.98969072164948
clean_alpha_resid_style,barra_lite_optimizer,validation,none_k20_style0.05_turn0,-0.0390454847761833,0.0048799140007932,-0.3672146054567032,-0.0392561720273748,0.0306271856772528,0.0631497681759296,49.64948453608248
clean_alpha_resid_style,barra_lite_optimizer,validation,none_k20_style0.05_turn0.02,-0.0397613805696439,0.0045350765026807,-0.3683037654551664,-0.0398978819119077,0.0300296295098749,0.0619177319846363,48.98969072164948
clean_alpha_resid_style,barra_lite_optimizer,validation,none_k20_style0.1_turn0,-0.0390454847761833,0.0048799140007932,-0.3672146054567032,-0.0392561720273748,0.0306271856772528,0.0631497681759296,49.64948453608248
clean_alpha_resid_style,barra_lite_optimizer,validation,none_k20_style0.1_turn0.02,-0.0397613805696439,0.0045350765026807,-0.3683037654551664,-0.0398978819119077,0.0300296295098749,0.0619177319846363,48.98969072164948
clean_alpha_resid_style,barra_lite_optimizer,validation,none_k20_style0.2_turn0,-0.0390454847761833,0.0048799140007932,-0.3672146054567032,-0.0392561720273748,0.0306271856772528,0.0631497681759296,49.64948453608248
clean_alpha_resid_style,barra_lite_optimizer,validation,none_k20_style0.2_turn0.02,-0.0397613805696439,0.0045350765026807,-0.3683037654551664,-0.0398978819119077,0.0300296295098749,0.0619177319846363,48.98969072164948
clean_alpha_resid_style,barra_lite_optimizer,validation,none_k30_style0_turn0,-0.0863959180904804,-0.0171455567287284,-0.417717449285129,-0.0843651938678221,-0.0176607483984584,0.081430965442963,65.08247422680412
clean_alpha_resid_style,barra_lite_optimizer,validation,none_k30_style0_turn0.02,-0.0881266109137214,-0.0184853834931644,-0.4182973833475915,-0.0868938131697056,-0.0203263760649071,0.0776655836164494,64.10309278350516
clean_alpha_resid_style,barra_lite_optimizer,validation,none_k30_style0.05_turn0,-0.0863959180904804,-0.0171455567287284,-0.417717449285129,-0.0843651938678221,-0.0176607483984584,0.081430965442963,65.08247422680412
clean_alpha_resid_style,barra_lite_optimizer,validation,none_k30_style0.05_turn0.02,-0.0881266109137214,-0.0184853834931644,-0.4182973833475915,-0.0868938131697056,-0.0203263760649071,0.0776655836164494,64.10309278350516
clean_alpha_resid_style,barra_lite_optimizer,validation,none_k30_style0.1_turn0,-0.0863959180904804,-0.0171455567287284,-0.417717449285129,-0.0843651938678221,-0.0176607483984584,0.081430965442963,65.08247422680412
clean_alpha_resid_style,barra_lite_optimizer,validation,none_k30_style0.1_turn0.02,-0.0881266109137214,-0.0184853834931644,-0.4182973833475915,-0.0868938131697056,-0.0203263760649071,0.0776655836164494,64.10309278350516
clean_alpha_resid_style,barra_lite_optimizer,validation,none_k30_style0.2_turn0,-0.0863959180904804,-0.0171455567287284,-0.417717449285129,-0.0843651938678221,-0.0176607483984584,0.081430965442963,65.08247422680412
clean_alpha_resid_style,barra_lite_optimizer,validation,none_k30_style0.2_turn0.02,-0.0881266109137214,-0.0184853834931644,-0.4182973833475915,-0.0868938131697056,-0.0203263760649071,0.0776655836164494,64.10309278350516
