split,risk_control,k,style_penalty,turnover_penalty,periods,net_ann,net_ir,net_max_drawdown,excess_benchmark_ann,excess_exec_universe_ann,avg_desired_turnover,avg_filled_turnover,avg_abs_control_exposure_z,avg_abs_full_style_exposure_z,avg_partial_fill_count,avg_position_count
test,industry_proxy,10,0.0,0.0,66,0.4617588379571387,0.20353374268568766,-0.18398206241625426,-0.08419128957186417,-0.01584970475798886,1.5538180783930962,0.0863808696762258,0.38788019895293063,0.24347277970713274,22.28787878787879,25.772727272727273
test,industry_proxy,10,0.0,0.02,66,0.46188781352625186,0.20356932083694515,-0.18398206241625426,-0.0841205267667281,-0.01575592003482762,1.5476430752932928,0.08639986529224776,0.38735323512217607,0.24296460792835808,22.257575757575758,26.106060606060606
test,industry_proxy,10,0.05,0.0,66,0.46061446763065494,0.203438170345184,-0.18394279736856467,-0.08492715222391245,-0.01669257205278174,1.5508348329396249,0.08669232082510385,0.3863371225179256,0.24262144390891352,22.303030303030305,26.12121212121212
test,industry_proxy,10,0.05,0.02,66,0.45835578094132945,0.2025079627929353,-0.18394279736856467,-0.08630869736671887,-0.018154227147116342,1.5421930507641424,0.08676137386724984,0.3873382932096141,0.2426492575051382,22.28787878787879,26.136363636363637
test,industry_proxy,10,0.1,0.0,66,0.4555100961508902,0.2015258656782051,-0.1840022442323398,-0.08806897286669746,-0.020023902192156107,1.551371822569722,0.08705260722852015,0.3862924692324177,0.24268620161615798,22.515151515151516,26.303030303030305
test,industry_proxy,10,0.1,0.02,66,0.45660459880505755,0.20176631608833984,-0.183885077454235,-0.08729807445803173,-0.01921762619473477,1.5421255644954976,0.08670639878100911,0.38817912579349667,0.2428184507195006,22.515151515151516,26.348484848484848
test,industry_proxy,10,0.2,0.0,66,0.48324601305458437,0.2102315929029367,-0.18355951971864692,-0.07033660603810354,-0.0011366686823538474,1.5443365095245916,0.08638132181113353,0.3805627084123083,0.24031281212296585,22.333333333333332,26.03030303030303
test,industry_proxy,10,0.2,0.02,66,0.47930849409461573,0.20887870053724578,-0.1835659466306443,-0.07286981985452712,-0.0037775753255571143,1.5327922231704199,0.08678521916254324,0.38061119050852354,0.23905021532010592,22.21212121212121,25.924242424242426
test,industry_proxy,20,0.0,0.0,66,0.4699448533250936,0.2318874957429846,-0.15075508629399648,-0.07868430213424926,-0.014335722677960017,1.4022251060329372,0.13607486353937126,0.21133815611296156,0.16148736875688244,38.31818181818182,47.34848484848485
test,industry_proxy,20,0.0,0.02,66,0.4672001710442353,0.23178308111822116,-0.15076351840760593,-0.08088324463722596,-0.016479747256339383,1.3565864775901821,0.13062391129892664,0.21190481895666394,0.1641526313545954,37.07575757575758,46.09090909090909
test,industry_proxy,20,0.05,0.0,66,0.432050300634375,0.22005037839717298,-0.15532374961766848,-0.10262519735203035,-0.04052120835904405,1.3732224368655568,0.13342806304398377,0.22225414808945826,0.17077025768812587,37.77272727272727,46.46969696969697
test,industry_proxy,20,0.05,0.02,66,0.41191945596362967,0.21290688127098434,-0.15455072359081778,-0.11538361467458425,-0.05412029927188555,1.3360793757676903,0.12749350822064465,0.22631458570479757,0.17449280305183615,37.196969696969695,46.015151515151516
test,industry_proxy,20,0.1,0.0,66,0.3852536734772043,0.20191013043359873,-0.15477626242208709,-0.13242412740476384,-0.07217107543683565,1.3602311506221627,0.12961014254906214,0.2260110702139621,0.1772906726087988,37.484848484848484,46.27272727272727
test,industry_proxy,20,0.1,0.02,66,0.3841917259611076,0.19988001419367696,-0.15391727362020147,-0.13267255462471073,-0.07215649655056089,1.3082025931004235,0.1252036450103208,0.23126640438072724,0.1802429165431758,36.75757575757576,45.56060606060606
test,industry_proxy,20,0.2,0.0,66,0.3330241843798143,0.17994032542504118,-0.16152654481155437,-0.1646765665981742,-0.10856221250064613,1.359656813714147,0.1337233124911375,0.1921043679830342,0.16632006549941408,37.71212121212121,45.59090909090909
test,industry_proxy,20,0.2,0.02,66,0.322693427775395,0.17591698422597563,-0.1585739656577122,-0.17124069074289938,-0.11554437383212657,1.3316966048898178,0.12854343874233196,0.19639328465815203,0.16874562648497304,37.04545454545455,44.93939393939394
test,industry_proxy,30,0.0,0.0,66,0.37862866718524724,0.19970648993690673,-0.1699270582793475,-0.13578487882596801,-0.07615181713982977,1.240537108559865,0.1665442029953452,0.14823693934685606,0.14449506761611852,49.21212121212121,63.57575757575758
test,industry_proxy,30,0.0,0.02,66,0.38234191393794736,0.19934549990872671,-0.16868787127129325,-0.13312362976861225,-0.07290251244815538,1.1972204235088806,0.1593674128205774,0.16220883365493505,0.15089396134886449,47.515151515151516,62.13636363636363
test,industry_proxy,30,0.05,0.0,66,0.3602354460371111,0.18861459412568923,-0.16691854679181106,-0.14647025799897795,-0.08727416800539578,1.2272323403994927,0.16899943514515708,0.15982087097296957,0.14671181723080678,49.68181818181818,64.12121212121212
test,industry_proxy,30,0.05,0.02,66,0.3653399957050425,0.19269761718350065,-0.16597050109029687,-0.14375969775159314,-0.0845633814030311,1.1898917861093405,0.16149261760780997,0.16536637592256248,0.14982030091378717,48.40909090909091,63.015151515151516
test,industry_proxy,30,0.1,0.0,66,0.35118317226055384,0.18590645109944146,-0.16959954823463919,-0.15274444312671387,-0.09415191547250878,1.1960981951945717,0.169038818436313,0.1558314501041772,0.1453024305122917,49.0,63.45454545454545
test,industry_proxy,30,0.1,0.02,66,0.31291296553940673,0.17212199984123372,-0.16789156713699427,-0.17745733873906888,-0.12067989776118848,1.1548828600331706,0.16002020529449026,0.16190442042535888,0.15198057533592677,47.93939393939394,62.45454545454545
test,industry_proxy,30,0.2,0.0,66,0.3189790265981469,0.17448041358543323,-0.1916706491038187,-0.1724313788593802,-0.11563740398267375,1.1227143496519274,0.16254835997480174,0.1514364620169602,0.14736481205741492,47.15151515151515,59.36363636363637
test,industry_proxy,30,0.2,0.02,66,0.31747675109716345,0.17617973220524097,-0.18998828150717828,-0.1742180357801998,-0.11758892257081466,1.0941991856183242,0.15680877281139236,0.15315701761022676,0.14760065292552071,46.39393939393939,59.36363636363637
test,industry_size,10,0.0,0.0,66,0.4617588379571387,0.20353374268568766,-0.18398206241625426,-0.08419128957186417,-0.01584970475798886,1.5538180783930962,0.0863808696762258,0.309836641383904,0.24347277970713274,22.28787878787879,25.772727272727273
test,industry_size,10,0.0,0.02,66,0.46188781352625186,0.20356932083694515,-0.18398206241625426,-0.0841205267667281,-0.01575592003482762,1.5476430752932928,0.08639986529224776,0.3095245582133431,0.24296460792835808,22.257575757575758,26.106060606060606
test,industry_size,10,0.05,0.0,66,0.461645757022334,0.20384267732492367,-0.18398206241625426,-0.08437208254180328,-0.015933750150386006,1.5549771336675688,0.08621412285686118,0.31040124579720246,0.24394974146669382,22.40909090909091,26.181818181818183
test,industry_size,10,0.05,0.02,66,0.4610061950949249,0.2035992207194218,-0.18394358926964027,-0.08475332319076201,-0.01633774999910831,1.5421359761813527,0.08639911669177866,0.31032820195673677,0.24327792704156415,22.272727272727273,26.075757575757574
test,industry_size,10,0.1,0.0,66,0.46498683384944917,0.20508502558824274,-0.18394279736856467,-0.08221362003209176,-0.01369990293102441,1.5540267294210333,0.08606225150562813,0.3102924950612769,0.24477093339734537,22.363636363636363,25.742424242424242
test,industry_size,10,0.1,0.02,66,0.4626831599950936,0.20403793354702768,-0.18394358926964027,-0.08357739936215802,-0.015151919261746416,1.5457872775025907,0.08564415978460918,0.3110179725746032,0.2449447643756047,22.333333333333332,26.075757575757574
test,industry_size,10,0.2,0.0,66,0.44728443821182795,0.20024196480595052,-0.18358688499613118,-0.09388032785625133,-0.026032051485648133,1.5420829549399333,0.08415028993257394,0.31309138389705826,0.24506482853988357,22.257575757575758,25.545454545454547
test,industry_size,10,0.2,0.02,66,0.44474635842586663,0.19911864750251604,-0.18358688499613118,-0.09533837093419639,-0.02754687860511429,1.5355965030349141,0.08372741458747018,0.31527807540178027,0.24551063486490532,22.454545454545453,25.696969696969695
test,industry_size,20,0.0,0.0,66,0.4699448533250936,0.2318874957429846,-0.15075508629399648,-0.07868430213424926,-0.014335722677960017,1.4022251060329372,0.13607486353937126,0.1889240628486258,0.16148736875688244,38.31818181818182,47.34848484848485
test,industry_size,20,0.0,0.02,66,0.4672001710442353,0.23178308111822116,-0.15076351840760593,-0.08088324463722596,-0.016479747256339383,1.3565864775901821,0.13062391129892664,0.189884988679699,0.1641526313545954,37.07575757575758,46.09090909090909
test,industry_size,20,0.05,0.0,66,0.4426959960401411,0.22283252114447755,-0.15500301641383263,-0.09580468800328457,-0.032938037853558755,1.3744284541283176,0.12852065539990187,0.22388620326559763,0.17696341292935075,38.121212121212125,46.75757575757576
test,industry_size,20,0.05,0.02,66,0.42325118476081536,0.2161151099175886,-0.1547465457781011,-0.10826244751256564,-0.04610885467175807,1.3369667181526859,0.1221253786530316,0.2261995625921655,0.1795781205947785,37.378787878787875,46.10606060606061
test,industry_size,20,0.1,0.0,66,0.41525635036023734,0.21312847776674534,-0.15442725550050151,-0.11338154978980908,-0.05151333202617692,1.359554308414974,0.12365587249650542,0.23179711494237748,0.18168488254487714,38.07575757575758,47.0
test,industry_size,20,0.1,0.02,66,0.39759677452385533,0.20525612405091778,-0.15421154162916817,-0.12435519350940061,-0.0632174781039695,1.3131794723122532,0.11842810302552545,0.23124551543408742,0.1843086535608687,37.15151515151515,45.92424242424242
test,industry_size,20,0.2,0.0,66,0.38566747996406603,0.2012142932726001,-0.1524716696685603,-0.13318131151421675,-0.07181714742653245,1.32160479810546,0.12333002300054291,0.2373275026713018,0.19271714045301172,38.24242424242424,46.03030303030303
test,industry_size,20,0.2,0.02,66,0.3752131248835162,0.197078947766474,-0.15251668599429247,-0.13978231275572284,-0.0789203271541491,1.2847400819331523,0.11747945554270697,0.22880423095681815,0.19244021275978143,37.07575757575758,44.53030303030303
test,industry_size,30,0.0,0.0,66,0.37862866718524724,0.19970648993690673,-0.1699270582793475,-0.13578487882596801,-0.07615181713982977,1.240537108559865,0.1665442029953452,0.1374670753713566,0.14449506761611852,49.21212121212121,63.57575757575758
test,industry_size,30,0.0,0.02,66,0.38234191393794736,0.19934549990872671,-0.16868787127129325,-0.13312362976861225,-0.07290251244815538,1.1972204235088806,0.1593674128205774,0.14902135221996735,0.15089396134886449,47.515151515151516,62.13636363636363
test,industry_size,30,0.05,0.0,66,0.3695045475819063,0.1940058158489368,-0.16684272542438106,-0.14098567342842638,-0.08137936705562243,1.218449095358968,0.16122094118624067,0.16784740077044946,0.15343325214063638,49.666666666666664,63.59090909090909
test,industry_size,30,0.05,0.02,66,0.3683034896242856,0.19314769701923015,-0.16708921560369838,-0.1418712139838979,-0.08211991998257084,1.1725376578458024,0.1548084718398848,0.17238675867091321,0.15577672967406214,48.34848484848485,62.77272727272727
test,industry_size,30,0.1,0.0,66,0.3550734241242237,0.18811998976826533,-0.1807330291107272,-0.1495633965219143,-0.09066481079126143,1.1858487916003335,0.15983822099134892,0.16227724461877233,0.14710188346790504,49.09090909090909,62.25757575757576
test,industry_size,30,0.1,0.02,66,0.3507368397623043,0.18709126963349854,-0.17908645697369863,-0.1525644389729658,-0.09393328858638239,1.1495560857676037,0.15323451109883282,0.16216167927523134,0.15076038579884077,48.378787878787875,61.39393939393939
test,industry_size,30,0.2,0.0,66,0.38346685061717634,0.19479618714873792,-0.19646664328350816,-0.12994392152445133,-0.06948035101804495,1.1161841388962193,0.15279315711288524,0.1833960578681052,0.15447273751024984,47.60606060606061,61.196969696969695
test,industry_size,30,0.2,0.02,66,0.3784079551026711,0.19380964292087746,-0.1960383875796875,-0.13350371044240306,-0.07320495328332033,1.0917505481505887,0.1495606960690446,0.1844619338697113,0.15594832160895372,47.06060606060606,60.5
test,industry_size_liquidity_vol_mom,10,0.0,0.0,66,0.4617588379571387,0.20353374268568766,-0.18398206241625426,-0.08419128957186417,-0.01584970475798886,1.5538180783930962,0.0863808696762258,0.24347277970713274,0.24347277970713274,22.28787878787879,25.772727272727273
test,industry_size_liquidity_vol_mom,10,0.0,0.02,66,0.46188781352625186,0.20356932083694515,-0.18398206241625426,-0.0841205267667281,-0.01575592003482762,1.5476430752932928,0.08639986529224776,0.24296460792835808,0.24296460792835808,22.257575757575758,26.106060606060606
test,industry_size_liquidity_vol_mom,10,0.05,0.0,66,0.452002997245772,0.20131417702494017,-0.1839821584073128,-0.09083213584578353,-0.022644693557262396,1.553661527859155,0.08449985390386182,0.2450836626633171,0.2450836626633171,22.21212121212121,26.015151515151516
test,industry_size_liquidity_vol_mom,10,0.05,0.02,66,0.4485217267371404,0.20007014309800425,-0.18394368548462348,-0.09299297438006182,-0.024941366668693066,1.5416836517675594,0.08481260085432586,0.24425009975886214,0.24425009975886214,22.181818181818183,26.03030303030303
test,industry_size_liquidity_vol_mom,10,0.1,0.0,66,0.4516279372991887,0.20138732205159396,-0.18310505136702748,-0.09109036131349746,-0.022946508179175984,1.5500712635749614,0.084254531931873,0.24497014384442936,0.24497014384442936,22.272727272727273,26.075757575757574
test,industry_size_liquidity_vol_mom,10,0.1,0.02,66,0.44994307991772975,0.20085204641707147,-0.18310584558161214,-0.09219937346708584,-0.024110371743711112,1.5444120512332171,0.08435782457845285,0.24488452779874031,0.24488452779874031,22.257575757575758,26.060606060606062
test,industry_size_liquidity_vol_mom,10,0.2,0.0,66,0.45679986437169884,0.20284388499107486,-0.18226043120382984,-0.08778496526649704,-0.01940895503077078,1.546729007686256,0.08154143308896819,0.2483847740026278,0.2483847740026278,22.227272727272727,25.96969696969697
test,industry_size_liquidity_vol_mom,10,0.2,0.02,66,0.4526797757813752,0.20150989939256267,-0.182176251726213,-0.09043742879169903,-0.022224775902799587,1.5385050611175155,0.08151360199564851,0.24802015477419462,0.24802015477419462,22.166666666666668,26.636363636363637
test,industry_size_liquidity_vol_mom,20,0.0,0.0,66,0.4699448533250936,0.2318874957429846,-0.15075508629399648,-0.07868430213424926,-0.014335722677960017,1.4022251060329372,0.13607486353937126,0.16148736875688244,0.16148736875688244,38.31818181818182,47.34848484848485
test,industry_size_liquidity_vol_mom,20,0.0,0.02,66,0.4672001710442353,0.23178308111822116,-0.15076351840760593,-0.08088324463722596,-0.016479747256339383,1.3565864775901821,0.13062391129892664,0.1641526313545954,0.1641526313545954,37.07575757575758,46.09090909090909
test,industry_size_liquidity_vol_mom,20,0.05,0.0,66,0.41300282693819335,0.21373186058534996,-0.15566857258323874,-0.11538929728190916,-0.05341444046987487,1.376596317967805,0.12858688639266364,0.17840058246727522,0.17840058246727522,37.96969696969697,46.60606060606061
test,industry_size_liquidity_vol_mom,20,0.05,0.02,66,0.3827333020039745,0.20111144058756245,-0.15488464133560864,-0.13478939312998794,-0.07383839196151487,1.3388501937938189,0.12527600673714856,0.18249111478712168,0.18249111478712168,37.53030303030303,46.24242424242424
test,industry_size_liquidity_vol_mom,20,0.1,0.0,66,0.4230866527347985,0.21790465247422552,-0.15285116429881362,-0.10968811510593857,-0.04681146119360591,1.372783606533915,0.1260192077938892,0.19143697405772483,0.19143697405772483,38.89393939393939,46.71212121212121
test,industry_size_liquidity_vol_mom,20,0.1,0.02,66,0.3925695955622539,0.2052462023318986,-0.15562334895510987,-0.1292065405796543,-0.06730788822042655,1.3136301496457832,0.12046817206357308,0.1972665285731557,0.1972665285731557,37.84848484848485,45.57575757575758
test,industry_size_liquidity_vol_mom,20,0.2,0.0,66,0.37496977181862357,0.1974367600788388,-0.15108594614713866,-0.14034129822875463,-0.07924785186521566,1.3435114872466694,0.12323519068602572,0.20368695618874844,0.20368695618874844,38.77272727272727,46.515151515151516
test,industry_size_liquidity_vol_mom,20,0.2,0.02,66,0.3607748966205153,0.19083068763707423,-0.15438857635366554,-0.14924238346063,-0.08848878934057336,1.296009646478166,0.11862749517793988,0.20311616222326834,0.20311616222326834,37.65151515151515,45.43939393939394
test,industry_size_liquidity_vol_mom,30,0.0,0.0,66,0.37862866718524724,0.19970648993690673,-0.1699270582793475,-0.13578487882596801,-0.07615181713982977,1.240537108559865,0.1665442029953452,0.14449506761611852,0.14449506761611852,49.21212121212121,63.57575757575758
test,industry_size_liquidity_vol_mom,30,0.0,0.02,66,0.38234191393794736,0.19934549990872671,-0.16868787127129325,-0.13312362976861225,-0.07290251244815538,1.1972204235088806,0.1593674128205774,0.15089396134886449,0.15089396134886449,47.515151515151516,62.13636363636363
test,industry_size_liquidity_vol_mom,30,0.05,0.0,66,0.3552231517412112,0.196068071024174,-0.1611172477523818,-0.15266109086561064,-0.09340982887266014,1.207269857856033,0.1648932587242929,0.17248094725934732,0.17248094725934732,49.18181818181818,63.39393939393939
test,industry_size_liquidity_vol_mom,30,0.05,0.02,66,0.3338644825563519,0.1885947562347192,-0.15921584138177458,-0.16605857183847217,-0.10833120348289549,1.1498906904707713,0.15077395719631595,0.17645201923037904,0.17645201923037904,47.09090909090909,61.53030303030303
test,industry_size_liquidity_vol_mom,30,0.1,0.0,66,0.3367634525226344,0.18782701623858467,-0.16134440518109117,-0.16409907620690012,-0.10597247746994454,1.1756143073110092,0.1536883881973714,0.18289129158350334,0.18289129158350334,48.515151515151516,62.07575757575758
test,industry_size_liquidity_vol_mom,30,0.1,0.02,66,0.34730060392394924,0.1932682182433132,-0.16031718057653932,-0.15787181613806078,-0.0990122389983491,1.145999022763064,0.15009679197084855,0.18518146822791082,0.18518146822791082,47.378787878787875,61.803030303030305
test,industry_size_liquidity_vol_mom,30,0.2,0.0,66,0.3077525315098446,0.171713405362183,-0.16798104716046225,-0.18177943735051716,-0.12420032923005342,1.1338728866951748,0.1456635404870235,0.18340873105842542,0.18340873105842542,48.303030303030305,61.121212121212125
test,industry_size_liquidity_vol_mom,30,0.2,0.02,66,0.29965213613064146,0.1685629886360797,-0.16751168873878697,-0.1872117119027552,-0.12990549060294054,1.1052357600296085,0.1416827155650732,0.18784291465637182,0.18784291465637182,47.378787878787875,60.10606060606061
test,none,10,0.0,0.0,66,0.4617588379571387,0.20353374268568766,-0.18398206241625426,-0.08419128957186417,-0.01584970475798886,1.5538180783930962,0.0863808696762258,0.0,0.24347277970713274,22.28787878787879,25.772727272727273
test,none,10,0.0,0.02,66,0.46188781352625186,0.20356932083694515,-0.18398206241625426,-0.0841205267667281,-0.01575592003482762,1.5476430752932928,0.08639986529224776,0.0,0.24296460792835808,22.257575757575758,26.106060606060606
test,none,10,0.05,0.0,66,0.4617588379571387,0.20353374268568766,-0.18398206241625426,-0.08419128957186417,-0.01584970475798886,1.5538180783930962,0.0863808696762258,0.0,0.24347277970713274,22.28787878787879,25.772727272727273
test,none,10,0.05,0.02,66,0.46188781352625186,0.20356932083694515,-0.18398206241625426,-0.0841205267667281,-0.01575592003482762,1.5476430752932928,0.08639986529224776,0.0,0.24296460792835808,22.257575757575758,26.106060606060606
test,none,10,0.1,0.0,66,0.4617588379571387,0.20353374268568766,-0.18398206241625426,-0.08419128957186417,-0.01584970475798886,1.5538180783930962,0.0863808696762258,0.0,0.24347277970713274,22.28787878787879,25.772727272727273
test,none,10,0.1,0.02,66,0.46188781352625186,0.20356932083694515,-0.18398206241625426,-0.0841205267667281,-0.01575592003482762,1.5476430752932928,0.08639986529224776,0.0,0.24296460792835808,22.257575757575758,26.106060606060606
test,none,10,0.2,0.0,66,0.4617588379571387,0.20353374268568766,-0.18398206241625426,-0.08419128957186417,-0.01584970475798886,1.5538180783930962,0.0863808696762258,0.0,0.24347277970713274,22.28787878787879,25.772727272727273
test,none,10,0.2,0.02,66,0.46188781352625186,0.20356932083694515,-0.18398206241625426,-0.0841205267667281,-0.01575592003482762,1.5476430752932928,0.08639986529224776,0.0,0.24296460792835808,22.257575757575758,26.106060606060606
test,none,20,0.0,0.0,66,0.4699448533250936,0.2318874957429846,-0.15075508629399648,-0.07868430213424926,-0.014335722677960017,1.4022251060329372,0.13607486353937126,0.0,0.16148736875688244,38.31818181818182,47.34848484848485
test,none,20,0.0,0.02,66,0.4672001710442353,0.23178308111822116,-0.15076351840760593,-0.08088324463722596,-0.016479747256339383,1.3565864775901821,0.13062391129892664,0.0,0.1641526313545954,37.07575757575758,46.09090909090909
test,none,20,0.05,0.0,66,0.4699448533250936,0.2318874957429846,-0.15075508629399648,-0.07868430213424926,-0.014335722677960017,1.4022251060329372,0.13607486353937126,0.0,0.16148736875688244,38.31818181818182,47.34848484848485
test,none,20,0.05,0.02,66,0.4672001710442353,0.23178308111822116,-0.15076351840760593,-0.08088324463722596,-0.016479747256339383,1.3565864775901821,0.13062391129892664,0.0,0.1641526313545954,37.07575757575758,46.09090909090909
test,none,20,0.1,0.0,66,0.4699448533250936,0.2318874957429846,-0.15075508629399648,-0.07868430213424926,-0.014335722677960017,1.4022251060329372,0.13607486353937126,0.0,0.16148736875688244,38.31818181818182,47.34848484848485
test,none,20,0.1,0.02,66,0.4672001710442353,0.23178308111822116,-0.15076351840760593,-0.08088324463722596,-0.016479747256339383,1.3565864775901821,0.13062391129892664,0.0,0.1641526313545954,37.07575757575758,46.09090909090909
test,none,20,0.2,0.0,66,0.4699448533250936,0.2318874957429846,-0.15075508629399648,-0.07868430213424926,-0.014335722677960017,1.4022251060329372,0.13607486353937126,0.0,0.16148736875688244,38.31818181818182,47.34848484848485
test,none,20,0.2,0.02,66,0.4672001710442353,0.23178308111822116,-0.15076351840760593,-0.08088324463722596,-0.016479747256339383,1.3565864775901821,0.13062391129892664,0.0,0.1641526313545954,37.07575757575758,46.09090909090909
test,none,30,0.0,0.0,66,0.37862866718524724,0.19970648993690673,-0.1699270582793475,-0.13578487882596801,-0.07615181713982977,1.240537108559865,0.1665442029953452,0.0,0.14449506761611852,49.21212121212121,63.57575757575758
test,none,30,0.0,0.02,66,0.38234191393794736,0.19934549990872671,-0.16868787127129325,-0.13312362976861225,-0.07290251244815538,1.1972204235088806,0.1593674128205774,0.0,0.15089396134886449,47.515151515151516,62.13636363636363
test,none,30,0.05,0.0,66,0.37862866718524724,0.19970648993690673,-0.1699270582793475,-0.13578487882596801,-0.07615181713982977,1.240537108559865,0.1665442029953452,0.0,0.14449506761611852,49.21212121212121,63.57575757575758
test,none,30,0.05,0.02,66,0.38234191393794736,0.19934549990872671,-0.16868787127129325,-0.13312362976861225,-0.07290251244815538,1.1972204235088806,0.1593674128205774,0.0,0.15089396134886449,47.515151515151516,62.13636363636363
test,none,30,0.1,0.0,66,0.37862866718524724,0.19970648993690673,-0.1699270582793475,-0.13578487882596801,-0.07615181713982977,1.240537108559865,0.1665442029953452,0.0,0.14449506761611852,49.21212121212121,63.57575757575758
test,none,30,0.1,0.02,66,0.38234191393794736,0.19934549990872671,-0.16868787127129325,-0.13312362976861225,-0.07290251244815538,1.1972204235088806,0.1593674128205774,0.0,0.15089396134886449,47.515151515151516,62.13636363636363
test,none,30,0.2,0.0,66,0.37862866718524724,0.19970648993690673,-0.1699270582793475,-0.13578487882596801,-0.07615181713982977,1.240537108559865,0.1665442029953452,0.0,0.14449506761611852,49.21212121212121,63.57575757575758
test,none,30,0.2,0.02,66,0.38234191393794736,0.19934549990872671,-0.16868787127129325,-0.13312362976861225,-0.07290251244815538,1.1972204235088806,0.1593674128205774,0.0,0.15089396134886449,47.515151515151516,62.13636363636363
validation,industry_proxy,10,0.0,0.0,97,-0.06357724737095305,-0.005243189426188499,-0.39599910211463174,-0.06625881858702054,0.0010958491100354628,1.8200550641262128,0.03761889266068782,0.28768053157305234,0.3159569604097037,23.54639175257732,26.288659793814432
validation,industry_proxy,10,0.0,0.02,97,-0.06366754242063022,-0.005273580264230527,-0.39556109626336766,-0.06632529808577636,0.001023513231690254,1.8178067592581062,0.037384319291356834,0.28755366014436917,0.31582037804546703,23.484536082474225,26.536082474226806
validation,industry_proxy,10,0.05,0.0,97,-0.06349025405258824,-0.005198309785811063,-0.3956978801507136,-0.06616110385531315,0.0011978998065265145,1.8201872651982178,0.037611607560873166,0.28786979516408273,0.3160116977932637,23.52577319587629,26.24742268041237
validation,industry_proxy,10,0.05,0.02,97,-0.06320341743632729,-0.005026562080800812,-0.39586729583530456,-0.06576973855184665,0.0016165731411934559,1.817882928045829,0.03757343892971663,0.28758204669094717,0.3157928365320106,23.484536082474225,26.515463917525775
validation,industry_proxy,10,0.1,0.0,97,-0.0638254391660017,-0.005321642447463504,-0.39568386075366235,-0.06642831452871101,0.000907648400123362,1.8236664961206344,0.037714140041873304,0.28750160683412845,0.3161216002161174,23.5979381443299,26.309278350515463
validation,industry_proxy,10,0.1,0.02,97,-0.06410126762440693,-0.0054594445299463445,-0.3957917835773529,-0.06672877317424375,0.0005898598702887003,1.8202113104441906,0.0376403251660546,0.28660372760204367,0.31567669064490617,23.536082474226806,26.567010309278352
validation,industry_proxy,10,0.2,0.0,97,-0.06438040007218893,-0.005618465957891749,-0.3958026033830512,-0.06704168763883867,0.00024597735983644675,1.8192653430409385,0.03812602688923085,0.2851322748251818,0.3149515749091747,23.63917525773196,26.649484536082475
validation,industry_proxy,10,0.2,0.02,97,-0.06414119099066673,-0.005512345773534481,-0.395504311857248,-0.06680173076237839,0.0005054131981518939,1.8169801618337296,0.03800301944072979,0.28494603479547814,0.3148557096311234,23.5979381443299,26.608247422680414
validation,industry_proxy,20,0.0,0.0,97,-0.039045484776183303,0.004879914000793261,-0.36721460545670326,-0.03925617202737486,0.030627185677252866,1.6137899676265755,0.06314976817592968,0.13330339466885335,0.1929678948706917,41.44329896907217,49.649484536082475
validation,industry_proxy,20,0.0,0.02,97,-0.039761380569643956,0.00453507650268073,-0.3683037654551664,-0.039897881911907795,0.030029629509874978,1.57730684993386,0.06191773198463633,0.12994580026983443,0.18983645589921197,40.78350515463917,48.98969072164948
validation,industry_proxy,20,0.05,0.0,97,-0.06498976191435091,-0.007678487511058413,-0.38619532381031374,-0.06598660148549063,0.0017453222857142237,1.551260345028732,0.06264940064859204,0.1414803657619215,0.1998354535981377,41.608247422680414,49.49484536082474
validation,industry_proxy,20,0.05,0.02,97,-0.060832880500860664,-0.005553112671695327,-0.38155772960986034,-0.06139364776553147,0.006757264310629063,1.5093891654252838,0.06077512130520821,0.13682272020673777,0.19619528291341312,40.670103092783506,47.69072164948454
validation,industry_proxy,20,0.1,0.0,97,-0.07322570251328098,-0.01065157702775578,-0.397220925025911,-0.07208421268033627,-0.004847123943770293,1.513510526405776,0.061894976295303834,0.16834937141168846,0.21241732913990985,41.597938144329895,47.44329896907217
validation,industry_proxy,20,0.1,0.02,97,-0.06887209802653205,-0.008611609498689317,-0.3922116742610702,-0.0675006612467065,0.00015098058326712405,1.473425939907509,0.060360506459326446,0.16270226058224949,0.20494892337983356,41.0,46.8041237113402
validation,industry_proxy,20,0.2,0.0,97,-0.10059772599137817,-0.022684091268163842,-0.4165105455596749,-0.09753722121483954,-0.032262293771962436,1.4681581808355375,0.06387732539340138,0.17421157657649095,0.20402792451642968,43.1958762886598,47.65979381443299
validation,industry_proxy,20,0.2,0.02,97,-0.09851348766898627,-0.021600479625474064,-0.4136093833001422,-0.0952685241813035,-0.029711804688254184,1.4279255320062318,0.062190241263033796,0.16559385283308414,0.19554517468302185,42.36082474226804,46.96907216494845
validation,industry_proxy,30,0.0,0.0,97,-0.08639591809048042,-0.01714555672872849,-0.417717449285129,-0.08436519386782215,-0.017660748398458437,1.3429048235842937,0.08143096544296302,0.13927770805854664,0.16593466508622748,54.88659793814433,65.08247422680412
validation,industry_proxy,30,0.0,0.02,97,-0.08812661091372143,-0.018485383493164437,-0.4182973833475915,-0.08689381316970568,-0.02032637606490717,1.3066289188562672,0.07766558361644949,0.1334591120482747,0.16388501258532195,53.5360824742268,64.10309278350516
validation,industry_proxy,30,0.05,0.0,97,-0.10164236576377106,-0.023475202692970015,-0.429059313101692,-0.09849915125687458,-0.03274765086653797,1.3340444155120825,0.07965459405231187,0.14004902340669265,0.16641813226552696,54.70103092783505,65.12371134020619
validation,industry_proxy,30,0.05,0.02,97,-0.10037286782138011,-0.023802075649098774,-0.428233394278173,-0.09849679621481644,-0.03267884182658276,1.2981747477060444,0.07741140056475714,0.1364056628915074,0.16552812093269018,53.68041237113402,64.26804123711341
validation,industry_proxy,30,0.1,0.0,97,-0.10952378518680006,-0.026537416913563018,-0.4360980638241261,-0.10557900963381928,-0.04033324561315865,1.3220827061591234,0.07906559408072526,0.1327121557035218,0.1634446963590933,54.134020618556704,64.5360824742268
validation,industry_proxy,30,0.1,0.02,97,-0.10632036939018541,-0.02517349113689395,-0.4367783611400541,-0.10258711685873645,-0.037013624196480355,1.2885040981671985,0.07735836347709968,0.1349700450409616,0.16254673243848627,53.16494845360825,63.876288659793815
validation,industry_proxy,30,0.2,0.0,97,-0.1040187741289007,-0.02385931856531982,-0.43513073619397924,-0.10006711908166643,-0.03422029544105076,1.2769729883773002,0.07796143752172896,0.13571450125122592,0.15986021847230414,53.81443298969072,64.31958762886597
validation,industry_proxy,30,0.2,0.02,97,-0.10321045958285713,-0.02362158521459225,-0.4331279937720829,-0.09944490821785867,-0.03352964828216476,1.2445598364423098,0.07599402946229655,0.13700131313250666,0.16047272195480547,52.70103092783505,62.56701030927835
validation,industry_size,10,0.0,0.0,97,-0.06357724737095305,-0.005243189426188499,-0.39599910211463174,-0.06625881858702054,0.0010958491100354628,1.8200550641262128,0.03761889266068782,0.3269509728543664,0.3159569604097037,23.54639175257732,26.288659793814432
validation,industry_size,10,0.0,0.02,97,-0.06366754242063022,-0.005273580264230527,-0.39556109626336766,-0.06632529808577636,0.001023513231690254,1.8178067592581062,0.037384319291356834,0.32669764960320785,0.31582037804546703,23.484536082474225,26.536082474226806
validation,industry_size,10,0.05,0.0,97,-0.06390586404976561,-0.005389419054127245,-0.39576234363833707,-0.06658200815292759,0.0007469993678208553,1.8200356151132318,0.03734612403192314,0.3268446155153019,0.31593165250225297,23.49484536082474,26.216494845360824
validation,industry_size,10,0.05,0.02,97,-0.06329049803833742,-0.005071483104101889,-0.3954753570911319,-0.06586414108429406,0.001516287703228203,1.8177026749655008,0.03731171709852671,0.32672079864659814,0.3158380404054178,23.422680412371133,26.144329896907216
validation,industry_size,10,0.1,0.0,97,-0.06294487757788658,-0.004962895984397193,-0.39443448786341884,-0.06565014216391607,0.0017521971525518154,1.8216439477502808,0.03728804925858521,0.3262950633839484,0.3158457814849519,23.54639175257732,26.2680412371134
validation,industry_size,10,0.1,0.02,97,-0.06329804935371375,-0.005064188436668097,-0.3949634574149833,-0.0658621402493349,0.0015283426688335044,1.812931035679197,0.037025362635292644,0.3254071195535105,0.3154083245023174,23.4020618556701,26.123711340206185
validation,industry_size,10,0.2,0.0,97,-0.06452847753700086,-0.005622718242266488,-0.39132161885836136,-0.06665825418648752,0.0005170235309044369,1.8254652067009556,0.03726211970133331,0.29764476053195676,0.301106455040694,23.75257731958763,26.762886597938145
validation,industry_size,10,0.2,0.02,97,-0.06391834320428647,-0.005338751209250473,-0.39070783856619284,-0.06598825138588327,0.001231503588178473,1.8207876564059744,0.037062789734925515,0.2976096161188021,0.30101152068066295,23.65979381443299,26.670103092783506
validation,industry_size,20,0.0,0.0,97,-0.039045484776183303,0.004879914000793261,-0.36721460545670326,-0.03925617202737486,0.030627185677252866,1.6137899676265755,0.06314976817592968,0.16550637814396912,0.1929678948706917,41.44329896907217,49.649484536082475
validation,industry_size,20,0.0,0.02,97,-0.039761380569643956,0.00453507650268073,-0.3683037654551664,-0.039897881911907795,0.030029629509874978,1.57730684993386,0.06191773198463633,0.16096732359723265,0.18983645589921197,40.78350515463917,48.98969072164948
validation,industry_size,20,0.05,0.0,97,-0.061314117499087994,-0.006194639507139479,-0.382859439004692,-0.06292703868438054,0.005103095721751938,1.5461206971198977,0.0592144323506109,0.15212731373508562,0.19872737074796193,41.31958762886598,48.855670103092784
validation,industry_size,20,0.05,0.02,97,-0.05843195329771178,-0.004689584038135048,-0.3802235348976917,-0.05953814205517838,0.008838827408593541,1.5047925349221682,0.05784604473904664,0.14656676320525944,0.1932556206719944,40.597938144329895,47.91752577319588
validation,industry_size,20,0.1,0.0,97,-0.058418905827173684,-0.00482270653739808,-0.3809644121779807,-0.05983950019597517,0.008482781937724226,1.531888012710727,0.05931971534441067,0.14914587274522334,0.19642005690770917,41.34020618556701,46.71134020618557
validation,industry_size,20,0.1,0.02,97,-0.056247515641697055,-0.003694541797612552,-0.3761292648196354,-0.05735572402684974,0.011175068144283706,1.4959963542421806,0.05789949768770433,0.1428673771866424,0.192746050616711,40.70103092783505,46.144329896907216
validation,industry_size,20,0.2,0.0,97,-0.10212298278640364,-0.022333279121503485,-0.43721880664082824,-0.09798295376054,-0.031468552231517455,1.4523269107114223,0.05759042987816476,0.15679684427207563,0.1649299248193202,42.18556701030928,46.56701030927835
validation,industry_size,20,0.2,0.02,97,-0.09765834730773071,-0.020353895654811938,-0.4315428468269299,-0.09358313674756902,-0.026749011361657304,1.4098501563565964,0.056292487142558585,0.1567506878714279,0.16503848676090865,41.402061855670105,45.88659793814433
validation,industry_size,30,0.0,0.0,97,-0.08639591809048042,-0.01714555672872849,-0.417717449285129,-0.08436519386782215,-0.017660748398458437,1.3429048235842937,0.08143096544296302,0.17063819159177201,0.16593466508622748,54.88659793814433,65.08247422680412
validation,industry_size,30,0.0,0.02,97,-0.08812661091372143,-0.018485383493164437,-0.4182973833475915,-0.08689381316970568,-0.02032637606490717,1.3066289188562672,0.07766558361644949,0.16381246743526517,0.16388501258532195,53.5360824742268,64.10309278350516
validation,industry_size,30,0.05,0.0,97,-0.04970362013799501,-0.0006118490348078977,-0.37961657798248694,-0.04912650718110434,0.02083160602956613,1.3060489944900564,0.0770558557603217,0.11152782897604041,0.13882480135713302,54.381443298969074,64.87628865979381
validation,industry_size,30,0.05,0.02,97,-0.0485177408108306,-0.0001644296007132261,-0.3799815452146864,-0.04814650524995234,0.02189649860392362,1.280139972549038,0.07534686229338176,0.11003658643593742,0.1401759600927766,53.69072164948454,64.3298969072165
validation,industry_size,30,0.1,0.0,97,-0.078893514780224,-0.014150517319558043,-0.4161918430104692,-0.07808761631118166,-0.010270165451332525,1.2670122571346032,0.07513425207260879,0.11113143959150056,0.13888576135191494,54.20618556701031,64.74226804123711
validation,industry_size,30,0.1,0.02,97,-0.07644850253759305,-0.012951252730614315,-0.4147953663423254,-0.07556985131817417,-0.007508606011955465,1.2433098529339857,0.07254551417180631,0.11236461984319748,0.1390911954514552,53.34020618556701,64.08247422680412
validation,industry_size,30,0.2,0.0,97,-0.07476468393073732,-0.012054557900428246,-0.4121685332594537,-0.07379107410313346,-0.005516554892734948,1.1975142700013408,0.07330418755955154,0.11912725539851864,0.14373286643688055,53.0,60.81443298969072
validation,industry_size,30,0.2,0.02,97,-0.07384984696758479,-0.011592403912208322,-0.4119772736905182,-0.0728450652728092,-0.004403361134069028,1.1790352056049438,0.07173043140965411,0.11904317519174988,0.14306463634740146,52.391752577319586,60.21649484536083
validation,industry_size_liquidity_vol_mom,10,0.0,0.0,97,-0.06357724737095305,-0.005243189426188499,-0.39599910211463174,-0.06625881858702054,0.0010958491100354628,1.8200550641262128,0.03761889266068782,0.3159569604097037,0.3159569604097037,23.54639175257732,26.288659793814432
validation,industry_size_liquidity_vol_mom,10,0.0,0.02,97,-0.06366754242063022,-0.005273580264230527,-0.39556109626336766,-0.06632529808577636,0.001023513231690254,1.8178067592581062,0.037384319291356834,0.31582037804546703,0.31582037804546703,23.484536082474225,26.536082474226806
validation,industry_size_liquidity_vol_mom,10,0.05,0.0,97,-0.0627473684796429,-0.00487844789363426,-0.3948824171165034,-0.06549197593703748,0.0019155344831829346,1.818305406170191,0.03730273766738191,0.31601063149064196,0.31601063149064196,23.52577319587629,26.24742268041237
validation,industry_size_liquidity_vol_mom,10,0.05,0.02,97,-0.06326767601059013,-0.00504529572948886,-0.3954313777457188,-0.0658297002368442,0.0015619452010755541,1.8176822831609236,0.03712837594376257,0.31572596645418927,0.31572596645418927,23.49484536082474,26.52577319587629
validation,industry_size_liquidity_vol_mom,10,0.1,0.0,97,-0.06336615501189702,-0.005129187336267781,-0.3956339319439369,-0.06602483273593018,0.0013475887683336296,1.818075424956649,0.03712584302340464,0.3159211155650708,0.3159211155650708,23.5979381443299,26.31958762886598
validation,industry_size_liquidity_vol_mom,10,0.1,0.02,97,-0.06323088839440849,-0.005052643860591783,-0.3954574301260356,-0.06586252131931547,0.001520499403613984,1.8159963735542886,0.03704698092994781,0.3158307673394886,0.3158307673394886,23.54639175257732,26.577319587628867
validation,industry_size_liquidity_vol_mom,10,0.2,0.0,97,-0.06359398044869402,-0.00532401785895388,-0.3890347874621073,-0.06593344027481252,0.0012752460734224424,1.8275581276710782,0.03641247016454366,0.30410941068092145,0.30410941068092145,23.77319587628866,26.49484536082474
validation,industry_size_liquidity_vol_mom,10,0.2,0.02,97,-0.06347365147480966,-0.005245673588050429,-0.3887874784480344,-0.06576852522423704,0.001462156694911343,1.8231865167522914,0.03628203813610071,0.30391840410316395,0.30391840410316395,23.690721649484537,26.721649484536083
validation,industry_size_liquidity_vol_mom,20,0.0,0.0,97,-0.039045484776183303,0.004879914000793261,-0.36721460545670326,-0.03925617202737486,0.030627185677252866,1.6137899676265755,0.06314976817592968,0.1929678948706917,0.1929678948706917,41.44329896907217,49.649484536082475
validation,industry_size_liquidity_vol_mom,20,0.0,0.02,97,-0.039761380569643956,0.00453507650268073,-0.3683037654551664,-0.039897881911907795,0.030029629509874978,1.57730684993386,0.06191773198463633,0.18983645589921197,0.18983645589921197,40.78350515463917,48.98969072164948
validation,industry_size_liquidity_vol_mom,20,0.05,0.0,97,-0.050661850552342846,-0.00038722699505141855,-0.37767009272254026,-0.05093187328383175,0.018320210283704785,1.5687176768563802,0.059456051227904795,0.18690704253798543,0.18690704253798543,41.16494845360825,49.175257731958766
validation,industry_size_liquidity_vol_mom,20,0.05,0.02,97,-0.04969555959984695,9.945558609136513e-05,-0.3770279029234602,-0.04970753117948423,0.01967308790308908,1.5423674413951436,0.05776297151942327,0.18412974085323247,0.18412974085323247,40.65979381443299,49.0
validation,industry_size_liquidity_vol_mom,20,0.1,0.0,97,-0.06517117186948906,-0.007889269038263862,-0.3838163802914655,-0.0666410039691896,0.0011230077110295777,1.5509597898806906,0.05743979746160144,0.20124170983386255,0.20124170983386255,41.28865979381443,47.98969072164948
validation,industry_size_liquidity_vol_mom,20,0.1,0.02,97,-0.05838796278014646,-0.004919665208809639,-0.3755849605232955,-0.060090142702153626,0.008261337373054012,1.5124636647048029,0.0564920576063067,0.1958180434684726,0.1958180434684726,40.69072164948454,47.824742268041234
validation,industry_size_liquidity_vol_mom,20,0.2,0.0,97,-0.07677689057532266,-0.012825214581541667,-0.3983088273326991,-0.07656746503560685,-0.009420820606134472,1.499767213869418,0.05596053966785751,0.21003725302544818,0.21003725302544818,41.34020618556701,46.41237113402062
validation,industry_size_liquidity_vol_mom,20,0.2,0.02,97,-0.0743314484954396,-0.01183058498957281,-0.39469082234610775,-0.07433845001215444,-0.006983854305589787,1.460738963481181,0.054548618250171,0.20739276673106338,0.20739276673106338,40.83505154639175,46.28865979381443
validation,industry_size_liquidity_vol_mom,30,0.0,0.0,97,-0.08639591809048042,-0.01714555672872849,-0.417717449285129,-0.08436519386782215,-0.017660748398458437,1.3429048235842937,0.08143096544296302,0.16593466508622748,0.16593466508622748,54.88659793814433,65.08247422680412
validation,industry_size_liquidity_vol_mom,30,0.0,0.02,97,-0.08812661091372143,-0.018485383493164437,-0.4182973833475915,-0.08689381316970568,-0.02032637606490717,1.3066289188562672,0.07766558361644949,0.16388501258532195,0.16388501258532195,53.5360824742268,64.10309278350516
validation,industry_size_liquidity_vol_mom,30,0.05,0.0,97,-0.05837033083912668,-0.004769766966173451,-0.3873859779973401,-0.0581774182517788,0.011132509996253592,1.3139041138681535,0.07556305568535392,0.14407559028658043,0.14407559028658043,54.11340206185567,64.87628865979381
validation,industry_size_liquidity_vol_mom,30,0.05,0.02,97,-0.05569942828492991,-0.003676913137937713,-0.38609940908464746,-0.05582330962538529,0.013712209113366125,1.2902835869220861,0.07454359451088113,0.14527420182352907,0.14527420182352907,53.402061855670105,64.23711340206185
validation,industry_size_liquidity_vol_mom,30,0.1,0.0,97,-0.06562425335097943,-0.007951276942505622,-0.3941656786805331,-0.06503134464695925,0.0036805579237220165,1.3069046685277494,0.07306413580080888,0.14720164757444312,0.14720164757444312,53.58762886597938,64.4639175257732
validation,industry_size_liquidity_vol_mom,30,0.1,0.02,97,-0.06466771441302022,-0.007654141768349208,-0.39291499228589233,-0.0643373816395445,0.004437688473265533,1.281978048159793,0.0721116745782691,0.14793381972918307,0.14793381972918307,52.96907216494845,64.01030927835052
validation,industry_size_liquidity_vol_mom,30,0.2,0.0,97,-0.07566136970769288,-0.011880243064031586,-0.40867359316743346,-0.07373443471788566,-0.005557660378031515,1.2635285985993254,0.0688800883666651,0.14809428141055928,0.14809428141055928,52.134020618556704,63.329896907216494
validation,industry_size_liquidity_vol_mom,30,0.2,0.02,97,-0.0768102671657952,-0.012339783655341318,-0.411720040421657,-0.07474380415570059,-0.006639662505644295,1.2347984943605252,0.06740937729420149,0.14818124307765962,0.14818124307765962,51.16494845360825,62.597938144329895
validation,none,10,0.0,0.0,97,-0.06357724737095305,-0.005243189426188499,-0.39599910211463174,-0.06625881858702054,0.0010958491100354628,1.8200550641262128,0.03761889266068782,0.0,0.3159569604097037,23.54639175257732,26.288659793814432
validation,none,10,0.0,0.02,97,-0.06366754242063022,-0.005273580264230527,-0.39556109626336766,-0.06632529808577636,0.001023513231690254,1.8178067592581062,0.037384319291356834,0.0,0.31582037804546703,23.484536082474225,26.536082474226806
validation,none,10,0.05,0.0,97,-0.06357724737095305,-0.005243189426188499,-0.39599910211463174,-0.06625881858702054,0.0010958491100354628,1.8200550641262128,0.03761889266068782,0.0,0.3159569604097037,23.54639175257732,26.288659793814432
validation,none,10,0.05,0.02,97,-0.06366754242063022,-0.005273580264230527,-0.39556109626336766,-0.06632529808577636,0.001023513231690254,1.8178067592581062,0.037384319291356834,0.0,0.31582037804546703,23.484536082474225,26.536082474226806
validation,none,10,0.1,0.0,97,-0.06357724737095305,-0.005243189426188499,-0.39599910211463174,-0.06625881858702054,0.0010958491100354628,1.8200550641262128,0.03761889266068782,0.0,0.3159569604097037,23.54639175257732,26.288659793814432
validation,none,10,0.1,0.02,97,-0.06366754242063022,-0.005273580264230527,-0.39556109626336766,-0.06632529808577636,0.001023513231690254,1.8178067592581062,0.037384319291356834,0.0,0.31582037804546703,23.484536082474225,26.536082474226806
validation,none,10,0.2,0.0,97,-0.06357724737095305,-0.005243189426188499,-0.39599910211463174,-0.06625881858702054,0.0010958491100354628,1.8200550641262128,0.03761889266068782,0.0,0.3159569604097037,23.54639175257732,26.288659793814432
validation,none,10,0.2,0.02,97,-0.06366754242063022,-0.005273580264230527,-0.39556109626336766,-0.06632529808577636,0.001023513231690254,1.8178067592581062,0.037384319291356834,0.0,0.31582037804546703,23.484536082474225,26.536082474226806
validation,none,20,0.0,0.0,97,-0.039045484776183303,0.004879914000793261,-0.36721460545670326,-0.03925617202737486,0.030627185677252866,1.6137899676265755,0.06314976817592968,0.0,0.1929678948706917,41.44329896907217,49.649484536082475
validation,none,20,0.0,0.02,97,-0.039761380569643956,0.00453507650268073,-0.3683037654551664,-0.039897881911907795,0.030029629509874978,1.57730684993386,0.06191773198463633,0.0,0.18983645589921197,40.78350515463917,48.98969072164948
validation,none,20,0.05,0.0,97,-0.039045484776183303,0.004879914000793261,-0.36721460545670326,-0.03925617202737486,0.030627185677252866,1.6137899676265755,0.06314976817592968,0.0,0.1929678948706917,41.44329896907217,49.649484536082475
validation,none,20,0.05,0.02,97,-0.039761380569643956,0.00453507650268073,-0.3683037654551664,-0.039897881911907795,0.030029629509874978,1.57730684993386,0.06191773198463633,0.0,0.18983645589921197,40.78350515463917,48.98969072164948
validation,none,20,0.1,0.0,97,-0.039045484776183303,0.004879914000793261,-0.36721460545670326,-0.03925617202737486,0.030627185677252866,1.6137899676265755,0.06314976817592968,0.0,0.1929678948706917,41.44329896907217,49.649484536082475
validation,none,20,0.1,0.02,97,-0.039761380569643956,0.00453507650268073,-0.3683037654551664,-0.039897881911907795,0.030029629509874978,1.57730684993386,0.06191773198463633,0.0,0.18983645589921197,40.78350515463917,48.98969072164948
validation,none,20,0.2,0.0,97,-0.039045484776183303,0.004879914000793261,-0.36721460545670326,-0.03925617202737486,0.030627185677252866,1.6137899676265755,0.06314976817592968,0.0,0.1929678948706917,41.44329896907217,49.649484536082475
validation,none,20,0.2,0.02,97,-0.039761380569643956,0.00453507650268073,-0.3683037654551664,-0.039897881911907795,0.030029629509874978,1.57730684993386,0.06191773198463633,0.0,0.18983645589921197,40.78350515463917,48.98969072164948
validation,none,30,0.0,0.0,97,-0.08639591809048042,-0.01714555672872849,-0.417717449285129,-0.08436519386782215,-0.017660748398458437,1.3429048235842937,0.08143096544296302,0.0,0.16593466508622748,54.88659793814433,65.08247422680412
validation,none,30,0.0,0.02,97,-0.08812661091372143,-0.018485383493164437,-0.4182973833475915,-0.08689381316970568,-0.02032637606490717,1.3066289188562672,0.07766558361644949,0.0,0.16388501258532195,53.5360824742268,64.10309278350516
validation,none,30,0.05,0.0,97,-0.08639591809048042,-0.01714555672872849,-0.417717449285129,-0.08436519386782215,-0.017660748398458437,1.3429048235842937,0.08143096544296302,0.0,0.16593466508622748,54.88659793814433,65.08247422680412
validation,none,30,0.05,0.02,97,-0.08812661091372143,-0.018485383493164437,-0.4182973833475915,-0.08689381316970568,-0.02032637606490717,1.3066289188562672,0.07766558361644949,0.0,0.16388501258532195,53.5360824742268,64.10309278350516
validation,none,30,0.1,0.0,97,-0.08639591809048042,-0.01714555672872849,-0.417717449285129,-0.08436519386782215,-0.017660748398458437,1.3429048235842937,0.08143096544296302,0.0,0.16593466508622748,54.88659793814433,65.08247422680412
validation,none,30,0.1,0.02,97,-0.08812661091372143,-0.018485383493164437,-0.4182973833475915,-0.08689381316970568,-0.02032637606490717,1.3066289188562672,0.07766558361644949,0.0,0.16388501258532195,53.5360824742268,64.10309278350516
validation,none,30,0.2,0.0,97,-0.08639591809048042,-0.01714555672872849,-0.417717449285129,-0.08436519386782215,-0.017660748398458437,1.3429048235842937,0.08143096544296302,0.0,0.16593466508622748,54.88659793814433,65.08247422680412
validation,none,30,0.2,0.02,97,-0.08812661091372143,-0.018485383493164437,-0.4182973833475915,-0.08689381316970568,-0.02032637606490717,1.3066289188562672,0.07766558361644949,0.0,0.16388501258532195,53.5360824742268,64.10309278350516
